-- phpMyAdmin SQL Dump
-- version 4.9.5
-- https://www.phpmyadmin.net/
--
-- Host: localhost:3306
-- Generation Time: Mar 08, 2021 at 10:07 AM
-- Server version: 10.3.28-MariaDB
-- PHP Version: 7.3.6

SET SQL_MODE = "NO_AUTO_VALUE_ON_ZERO";
SET AUTOCOMMIT = 0;
START TRANSACTION;
SET time_zone = "+00:00";


/*!40101 SET @OLD_CHARACTER_SET_CLIENT=@@CHARACTER_SET_CLIENT */;
/*!40101 SET @OLD_CHARACTER_SET_RESULTS=@@CHARACTER_SET_RESULTS */;
/*!40101 SET @OLD_COLLATION_CONNECTION=@@COLLATION_CONNECTION */;
/*!40101 SET NAMES utf8mb4 */;

--
-- Database: `mutiaract_cos`
--

-- --------------------------------------------------------

--
-- Table structure for table `barang`
--

CREATE TABLE `barang` (
  `ID_BARANG` int(11) NOT NULL,
  `ID_PENGGUNA` int(11) DEFAULT NULL,
  `ID_SUPPLIER` int(11) DEFAULT NULL,
  `ID_SATUAN` int(11) DEFAULT NULL,
  `NAMA_BARANG` varchar(50) DEFAULT NULL,
  `STOK_BARANG` int(11) DEFAULT NULL,
  `HARGA_BELI_BARANG` int(11) DEFAULT NULL,
  `HARGA_JUAL_BARANG` int(11) DEFAULT NULL
) ENGINE=InnoDB DEFAULT CHARSET=latin1;

--
-- Dumping data for table `barang`
--

INSERT INTO `barang` (`ID_BARANG`, `ID_PENGGUNA`, `ID_SUPPLIER`, `ID_SATUAN`, `NAMA_BARANG`, `STOK_BARANG`, `HARGA_BELI_BARANG`, `HARGA_JUAL_BARANG`) VALUES
(1, 4, 1, 5, 'Baju', 88, 20000, 30000),
(2, 4, 4, 5, 'Tas', 83, 30000, 45000),
(3, 4, 1, 5, 'Sepatu', 99, 80000, 120000);

-- --------------------------------------------------------

--
-- Table structure for table `detail_pesan_ulang`
--

CREATE TABLE `detail_pesan_ulang` (
  `ID_DETAIL_PESAN_ULANG` int(11) NOT NULL,
  `ID_PESAN_ULANG` int(11) NOT NULL,
  `ID_BARANG` int(11) NOT NULL,
  `JUMLAH_PESAN_ULANG` int(11) NOT NULL
) ENGINE=InnoDB DEFAULT CHARSET=latin1;

--
-- Dumping data for table `detail_pesan_ulang`
--

INSERT INTO `detail_pesan_ulang` (`ID_DETAIL_PESAN_ULANG`, `ID_PESAN_ULANG`, `ID_BARANG`, `JUMLAH_PESAN_ULANG`) VALUES
(3, 4, 1, 100),
(4, 4, 2, 100),
(5, 5, 1, 100),
(6, 5, 2, 100),
(7, 6, 2, 10),
(8, 6, 4, 10),
(9, 7, 3, 10),
(10, 8, 1, 60),
(11, 9, 2, 100),
(12, 10, 3, 10),
(13, 10, 3, 20),
(14, 11, 1, 10),
(15, 12, 1, 10),
(16, 13, 3, 20),
(17, 14, 3, 20),
(18, 15, 1, 40),
(19, 18, 1, 1000),
(20, 16, 2, 5),
(21, 16, 1, 1),
(22, 16, 3, 1),
(23, 18, 1, 6),
(24, 19, 2, 10),
(25, 19, 2, 10),
(26, 21, 2, 3),
(27, 23, 1, 5),
(28, 23, 3, 3);

-- --------------------------------------------------------

--
-- Table structure for table `detail_surat_jalan`
--

CREATE TABLE `detail_surat_jalan` (
  `ID_DETAIL_SURAT_JALAN` int(11) NOT NULL,
  `ID_SURAT_JALAN` int(11) NOT NULL,
  `ID_BARANG` int(11) NOT NULL,
  `JUMLAH_BAWA` int(11) NOT NULL,
  `JUMLAH_SISA` int(11) NOT NULL
) ENGINE=InnoDB DEFAULT CHARSET=latin1;

--
-- Dumping data for table `detail_surat_jalan`
--

INSERT INTO `detail_surat_jalan` (`ID_DETAIL_SURAT_JALAN`, `ID_SURAT_JALAN`, `ID_BARANG`, `JUMLAH_BAWA`, `JUMLAH_SISA`) VALUES
(15, 9, 1, 10, 0),
(16, 9, 2, 15, 5),
(17, 10, 1, 5, 0),
(18, 10, 2, 5, 0),
(19, 11, 2, 10, 0),
(20, 12, 1, 10, 0),
(21, 12, 2, 15, 0),
(22, 13, 2, 10, 5),
(23, 14, 3, 30, 0),
(24, 14, 1, 100, 10),
(25, 14, 2, 250, 50),
(32, 17, 3, 30, 0),
(33, 17, 1, 100, 0),
(34, 15, 3, 30, 0),
(35, 15, 1, 60, 0),
(36, 16, 1, 50, 0),
(37, 17, 1, 5, 0),
(38, 18, 1, 50, 1),
(39, 19, 2, 12, 12),
(43, 20, 1, 1, 1),
(44, 23, 1, 10, 10);

-- --------------------------------------------------------

--
-- Table structure for table `gps`
--

CREATE TABLE `gps` (
  `IDGPS` int(11) NOT NULL,
  `ID_PENGGUNA` int(11) NOT NULL,
  `LATITUDE` varchar(100) NOT NULL,
  `LONGTITUDE` varchar(100) NOT NULL
) ENGINE=InnoDB DEFAULT CHARSET=latin1;

--
-- Dumping data for table `gps`
--

INSERT INTO `gps` (`IDGPS`, `ID_PENGGUNA`, `LATITUDE`, `LONGTITUDE`) VALUES
(82, 5, '-7.4511557', '112.7007179'),
(83, 0, '-7.4511559', '112.7007072'),
(84, 0, '-7.4511956', '112.7007301'),
(85, 5, '-7.4511864', '112.7007312'),
(86, 0, '-7.4511559', '112.7007072'),
(87, 5, '-7.4511889', '112.7007343'),
(88, 5, '-7.451156', '112.7007127'),
(89, 5, '-7.45106476', '112.70072974'),
(90, 5, '-7.45310014', '112.70039793'),
(91, 5, '-7.4511417', '112.7009228'),
(92, 5, '-7.45132293', '112.70089832'),
(93, 5, '-7.45127396', '112.70088185'),
(94, 5, '-7.4481463', '112.7015228'),
(95, 5, '-7.4482676', '112.7013321'),
(96, 5, '-7.4465233', '112.6988663'),
(97, 5, '-7.4475097', '112.69925151'),
(98, 5, '-7.44754837', '112.69919614'),
(99, 5, '-7.4497679', '112.6994489'),
(100, 5, '-7.44981704', '112.69964633'),
(101, 5, '-7.44985318', '112.69968649'),
(102, 5, '-7.44993045', '112.69965511'),
(103, 5, '-7.44997', '112.69962269'),
(104, 5, '-7.45001648', '112.69960134'),
(105, 5, '-7.45006705', '112.69959105'),
(106, 5, '-7.45011946', '112.69957598'),
(107, 5, '-7.450222', '112.6994582'),
(108, 5, '-7.45018421', '112.69955125'),
(109, 5, '-7.45023169', '112.69953703'),
(110, 5, '-7.45027895', '112.69952507'),
(111, 5, '-7.45032467', '112.69951372'),
(112, 5, '-7.45037437', '112.69950064'),
(113, 5, '-7.4502652', '112.6994308'),
(114, 5, '-7.45036086', '112.69948548'),
(115, 5, '-7.45033026', '112.69951217'),
(116, 5, '-7.45037857', '112.69950665'),
(117, 5, '-7.4504301', '112.69947718'),
(118, 5, '-7.4504301', '112.69947718'),
(119, 5, '-7.45048161', '112.69945244'),
(120, 5, '-7.45048161', '112.69945244'),
(121, 5, '-7.45053416', '112.69942926'),
(122, 5, '-7.45053416', '112.69942926'),
(123, 5, '-7.45059256', '112.69940773'),
(124, 5, '-7.45059256', '112.69940773'),
(125, 5, '-7.45064639', '112.69939676'),
(126, 5, '-7.45064639', '112.69939676'),
(127, 5, '-7.45069477', '112.69940232'),
(128, 5, '-7.45069477', '112.69940232'),
(129, 5, '-7.45072561', '112.69945892'),
(130, 5, '-7.45072561', '112.69945892'),
(131, 5, '-7.45073734', '112.69951434'),
(132, 5, '-7.45073734', '112.69951434'),
(133, 5, '-7.4507556', '112.69957632'),
(134, 5, '-7.4507556', '112.69957632'),
(135, 5, '-7.45077742', '112.69965593'),
(136, 5, '-7.45077742', '112.69965593'),
(137, 5, '-7.45080241', '112.69974221'),
(138, 5, '-7.45080241', '112.69974221'),
(139, 5, '-7.45081445', '112.69979947'),
(140, 5, '-7.45081445', '112.69979947'),
(141, 5, '-7.45084484', '112.69988299'),
(142, 5, '-7.45084484', '112.69988299'),
(143, 5, '-7.45085954', '112.69992765'),
(144, 5, '-7.45085954', '112.69992765'),
(145, 5, '-7.45088232', '112.69999877'),
(146, 5, '-7.45088232', '112.69999877'),
(147, 5, '-7.45091156', '112.70009195'),
(148, 5, '-7.45091156', '112.70009195'),
(149, 5, '-7.45092793', '112.70013989'),
(150, 5, '-7.45092793', '112.70013989'),
(151, 5, '-7.450952', '112.70020674'),
(152, 5, '-7.450952', '112.70020674'),
(153, 5, '-7.45097223', '112.70026791'),
(154, 5, '-7.45097223', '112.70026791'),
(155, 5, '-7.45099869', '112.70035443'),
(156, 5, '-7.45099869', '112.70035443'),
(157, 5, '-7.45102608', '112.70043793'),
(158, 5, '-7.45102608', '112.70043793'),
(159, 5, '-7.45105104', '112.70052133'),
(160, 5, '-7.45105104', '112.70052133'),
(161, 5, '-7.45107296', '112.70060299'),
(162, 5, '-7.45107296', '112.70060299'),
(163, 5, '-7.45109404', '112.70067505'),
(164, 5, '-7.45109404', '112.70067505'),
(165, 5, '-7.45112148', '112.70073471'),
(166, 5, '-7.45112148', '112.70073471'),
(167, 5, '-7.45117537', '112.70073891'),
(168, 5, '-7.45117537', '112.70073891'),
(169, 5, '-7.45121598', '112.7007142'),
(170, 5, '-7.45121598', '112.7007142'),
(171, 5, '-7.45126589', '112.70073661'),
(172, 5, '-7.45126589', '112.70073661'),
(173, 5, '-7.45131289', '112.70072462'),
(174, 5, '-7.45131289', '112.70072462'),
(175, 5, '-7.45136731', '112.70073962'),
(176, 5, '-7.45136731', '112.70073962'),
(177, 5, '-7.45138867', '112.70078811'),
(178, 5, '-7.45138867', '112.70078811'),
(179, 5, '-7.4511848', '112.7007331'),
(180, 5, '-7.4511848', '112.7007331'),
(181, 5, '-7.45147105', '112.70075476'),
(182, 5, '-7.45147105', '112.70075476'),
(183, 5, '-7.45136562', '112.70072314'),
(184, 5, '-7.45136562', '112.70072314'),
(185, 5, '-7.45132128', '112.70070003'),
(186, 5, '-7.45132128', '112.70070003'),
(187, 5, '-7.4511861', '112.7007318'),
(188, 5, '-7.45132511', '112.70069867'),
(189, 5, '-7.4511901', '112.700733'),
(190, 5, '-7.45133765', '112.70068662'),
(191, 5, '-7.45133608', '112.70069058'),
(192, 5, '-7.4511733', '112.7007052'),
(193, 5, '-7.4508155', '112.7001287'),
(194, 5, '-7.4508155', '112.7001287'),
(195, 5, '-7.4511546', '112.7007103'),
(196, 5, '-7.4511546', '112.7007103'),
(197, 5, '-7.4513333', '112.70068678'),
(198, 5, '-7.4511886', '112.7007341'),
(199, 5, '-7.45133265', '112.70068522'),
(200, 5, '-7.4511955', '112.7007292'),
(201, 5, '-7.4511956', '112.7007301'),
(202, 5, '-7.4511956', '112.7007301'),
(203, 5, '-7.4521379', '112.6990114'),
(204, 5, '-7.4521379', '112.6990114'),
(205, 5, '-7.4521379', '112.6990114'),
(206, 5, '-7.4521379', '112.6990114'),
(207, 5, '-7.4511632', '112.7007053'),
(208, 5, '-7.4511632', '112.7007053'),
(209, 5, '-7.4511632', '112.7007053'),
(210, 5, '-7.4511632', '112.7007053'),
(211, 5, '-7.4512017', '112.7007294'),
(212, 5, '-7.4512017', '112.7007294'),
(213, 5, '-7.4512017', '112.7007294'),
(214, 5, '-7.4512017', '112.7007294'),
(215, 5, '-7.4511909', '112.7007327'),
(216, 5, '-7.45132242', '112.7006827'),
(217, 5, '-7.4508155', '112.7001287'),
(218, 5, '-7.451188', '112.7007263'),
(219, 5, '-7.451188', '112.7007263'),
(220, 5, '-7.4511989', '112.7007425'),
(221, 5, '-7.4511993', '112.7007426'),
(222, 5, '-7.4511989', '112.7007424'),
(223, 5, '-7.4511922', '112.700732'),
(224, 5, '-7.45117103', '112.70072758'),
(225, 5, '-7.45114678', '112.70068662'),
(226, 5, '-7.45119931', '112.70068148'),
(227, 5, '-7.45114742', '112.700694'),
(228, 5, '-7.4511504', '112.7006989'),
(229, 5, '-7.4512004', '112.7007413'),
(230, 5, '-7.4512001', '112.7007417'),
(231, 5, '-7.45170409', '112.70002317'),
(232, 5, '-7.4512', '112.7007425'),
(233, 5, '-7.4511993', '112.7007426'),
(234, 5, '-7.45100464', '112.70052797'),
(235, 5, '-7.4497887', '112.7016185'),
(236, 5, '-7.45106704', '112.70071006'),
(237, 5, '-7.45089093', '112.70062842'),
(238, 5, '-7.4498688', '112.7001287'),
(239, 5, '-7.45118913', '112.70052621'),
(240, 5, '-7.4511989', '112.7007424'),
(241, 5, '-7.4511729', '112.7007369'),
(242, 5, '-7.4511012', '112.70073497'),
(243, 5, '-7.4511429', '112.70076477'),
(244, 5, '-7.45103882', '112.70064579'),
(245, 5, '-7.4511992', '112.7007423'),
(246, 5, '-7.45094984', '112.70048317'),
(247, 5, '-7.4512004', '112.7007413'),
(248, 5, '-7.45106062', '112.70051215'),
(249, 5, '-7.4512004', '112.7007413'),
(250, 5, '-7.4511102', '112.70059259'),
(251, 5, '-7.45122473', '112.70064688'),
(252, 5, '-7.4511989', '112.7007425'),
(253, 5, '-7.45101812', '112.70061846'),
(254, 5, '-7.4511989', '112.7007425'),
(255, 5, '-7.45099624', '112.70061213'),
(256, 5, '-7.4511995', '112.7007427'),
(257, 5, '-7.4511995', '112.7007427'),
(258, 5, '-7.45086892', '112.70053814'),
(259, 5, '-7.45082106', '112.70047402'),
(260, 5, '-7.45087457', '112.70046315'),
(261, 5, '-7.45093074', '112.70049094'),
(262, 5, '-7.45097279', '112.70052816'),
(263, 5, '-7.4511729', '112.7007405'),
(264, 5, '-7.45101845', '112.70055129'),
(265, 5, '-7.4511154', '112.700543'),
(266, 5, '-7.45107097', '112.7005579'),
(267, 5, '-7.45110158', '112.70060433'),
(268, 5, '-7.45113041', '112.70064322'),
(269, 5, '-7.4511999', '112.7007419'),
(270, 5, '-7.45116205', '112.70073234'),
(271, 5, '-7.4511997', '112.7007427'),
(272, 5, '-7.45116189', '112.70073226'),
(273, 5, '-7.4511997', '112.7007427'),
(274, 5, '-7.4511702', '112.7007247'),
(275, 5, '-7.4511856', '112.7007332'),
(276, 5, '-7.4511853', '112.7007332'),
(277, 5, '-7.4523257', '112.7012969'),
(278, 5, '-7.4511848', '112.7007331'),
(279, 5, '-7.4511637', '112.7007212'),
(280, 5, '-7.4511579', '112.7007187'),
(281, 5, '-7.4511849', '112.7007328'),
(282, 5, '-7.4511861', '112.7007318'),
(283, 5, '-7.4523257', '112.7012969'),
(284, 5, '-7.4511858', '112.7007322'),
(285, 5, '-7.4511992', '112.7007423'),
(286, 5, '-7.4511999', '112.7007419'),
(287, 5, '-7.4511989', '112.7007424'),
(288, 5, '-7.4512007', '112.7007407'),
(289, 5, '-7.451161', '112.700722'),
(290, 5, '-7.4512004', '112.7007413'),
(291, 5, '-7.4511549', '112.7007257'),
(292, 5, '-7.4512009', '112.7007398'),
(293, 5, '-7.4512007', '112.7007407'),
(294, 5, '-7.4512001', '112.7007417'),
(295, 5, '-7.4511519', '112.7007327'),
(296, 5, '-7.4511991', '112.7007426'),
(297, 0, '-7.444765283726156', '112.6720926258713'),
(298, 0, '-7.444765283726156', '112.6720926258713'),
(299, 0, '-7.444765283726156', '112.6720926258713'),
(300, 0, '-7.444765283726156', '112.6720926258713'),
(301, 0, '-7.4448113003745675', '112.67213704995811'),
(302, 0, '-7.4448113003745675', '112.67213704995811'),
(303, 0, '-7.4448113003745675', '112.67213704995811'),
(304, 0, '-7.4448113003745675', '112.67213704995811'),
(305, 0, '-7.444826806895435', '112.67209312878549'),
(306, 0, '-7.444826806895435', '112.67209312878549'),
(307, 0, '-7.444826806895435', '112.67209312878549'),
(308, 0, '-7.444826806895435', '112.67209312878549'),
(309, 0, '-7.4447701', '112.6720793'),
(310, 0, '-7.4447701', '112.6720793'),
(311, 0, '-7.4447701', '112.6720793'),
(312, 0, '-7.4447701', '112.6720793'),
(313, 5, '-7.444842858240008', '112.67209589481354'),
(314, 5, '-7.4447774', '112.6720758'),
(315, 0, '-7.4447669', '112.6720199'),
(316, 0, '-7.4447669', '112.6720199'),
(317, 5, '-7.4447669', '112.6720199'),
(318, 0, '-7.4447669', '112.6720199'),
(319, 0, '-7.4447669', '112.6720199'),
(320, 0, '-7.444675178267062', '112.67214518040419'),
(321, 0, '-7.444675178267062', '112.67214518040419'),
(322, 0, '-7.444675178267062', '112.67214518040419'),
(323, 0, '-7.444675178267062', '112.67214518040419'),
(324, 5, '-7.444675178267062', '112.67214518040419'),
(325, 0, '-7.444709837436676', '112.67209438607097'),
(326, 0, '-7.444709837436676', '112.67209438607097'),
(327, 5, '-7.444709837436676', '112.67209438607097'),
(328, 0, '-7.444709837436676', '112.67209438607097'),
(329, 0, '-7.444709837436676', '112.67209438607097'),
(330, 0, '-7.444750950671732', '112.67213185317814'),
(331, 0, '-7.444750950671732', '112.67213185317814'),
(332, 0, '-7.444750950671732', '112.67213185317814'),
(333, 5, '-7.444750950671732', '112.67213185317814'),
(334, 0, '-7.444750950671732', '112.67213185317814'),
(335, 0, '-7.444757', '112.6719572'),
(336, 5, '-7.444757', '112.6719572'),
(337, 0, '-7.444757', '112.6719572'),
(338, 0, '-7.444757', '112.6719572'),
(339, 0, '-7.444757', '112.6719572'),
(340, 0, '-7.44477', '112.672054'),
(341, 0, '-7.44477', '112.672054'),
(342, 0, '-7.44477', '112.672054'),
(343, 0, '-7.44477', '112.672054'),
(344, 5, '-7.44477', '112.672054'),
(345, 0, '-7.4448196', '112.6720819'),
(346, 0, '-7.4448196', '112.6720819'),
(347, 5, '-7.4448196', '112.6720819'),
(348, 0, '-7.4448196', '112.6720819'),
(349, 0, '-7.4448196', '112.6720819'),
(350, 0, '-7.4447692', '112.6720183'),
(351, 5, '-7.4447692', '112.6720183'),
(352, 0, '-7.4447692', '112.6720183'),
(353, 0, '-7.4447692', '112.6720183'),
(354, 0, '-7.4447692', '112.6720183'),
(355, 0, '-7.444793321192265', '112.67210536636412'),
(356, 5, '-7.444793321192265', '112.67210536636412'),
(357, 0, '-7.444793321192265', '112.67210536636412'),
(358, 0, '-7.444793321192265', '112.67210536636412'),
(359, 0, '-7.444793321192265', '112.67210536636412'),
(360, 0, '-7.444839924573898', '112.67207686789334'),
(361, 0, '-7.444839924573898', '112.67207686789334'),
(362, 0, '-7.444839924573898', '112.67207686789334'),
(363, 0, '-7.444839924573898', '112.67207686789334'),
(364, 5, '-7.444839924573898', '112.67207686789334'),
(365, 5, '-7.444773', '112.6720699'),
(366, 0, '-7.444773', '112.6720699'),
(367, 0, '-7.444773', '112.6720699'),
(368, 0, '-7.444773', '112.6720699'),
(369, 0, '-7.444773', '112.6720699'),
(370, 0, '-7.444787998683751', '112.6720735989511'),
(371, 0, '-7.444787998683751', '112.6720735989511'),
(372, 0, '-7.444787998683751', '112.6720735989511'),
(373, 0, '-7.444787998683751', '112.6720735989511'),
(374, 5, '-7.444787998683751', '112.6720735989511'),
(375, 5, '-7.444824292324483', '112.67204015515745'),
(376, 0, '-7.444824292324483', '112.67204015515745'),
(377, 0, '-7.444824292324483', '112.67204015515745'),
(378, 0, '-7.444824292324483', '112.67204015515745'),
(379, 0, '-7.444824292324483', '112.67204015515745'),
(380, 0, '-7.4447675', '112.6720349'),
(381, 0, '-7.4447675', '112.6720349'),
(382, 5, '-7.4447675', '112.6720349'),
(383, 0, '-7.4447675', '112.6720349'),
(384, 0, '-7.4447675', '112.6720349'),
(385, 5, '-7.4447675', '112.6720349'),
(386, 0, '-7.444786238484085', '112.67214593477547'),
(387, 0, '-7.444786238484085', '112.67214593477547'),
(388, 0, '-7.444786238484085', '112.67214593477547'),
(389, 0, '-7.444786238484085', '112.67214593477547'),
(390, 5, '-7.444786238484085', '112.67214593477547'),
(391, 5, '-7.444786238484085', '112.67214593477547'),
(392, 0, '-7.444840846583247', '112.67217669636011'),
(393, 0, '-7.444840846583247', '112.67217669636011'),
(394, 0, '-7.444840846583247', '112.67217669636011'),
(395, 5, '-7.444840846583247', '112.67217669636011'),
(396, 0, '-7.444840846583247', '112.67217669636011'),
(397, 5, '-7.444840846583247', '112.67217669636011'),
(398, 0, '-7.44487370364368', '112.67212120816112'),
(399, 0, '-7.44487370364368', '112.67212120816112'),
(400, 0, '-7.44487370364368', '112.67212120816112'),
(401, 0, '-7.44487370364368', '112.67212120816112'),
(402, 5, '-7.44487370364368', '112.67212120816112'),
(403, 5, '-7.44487370364368', '112.67212120816112'),
(404, 0, '-7.444839798845351', '112.67215381376445'),
(405, 0, '-7.444839798845351', '112.67215381376445'),
(406, 0, '-7.444839798845351', '112.67215381376445'),
(407, 5, '-7.444839798845351', '112.67215381376445'),
(408, 5, '-7.444839798845351', '112.67215381376445'),
(409, 0, '-7.444839798845351', '112.67215381376445'),
(410, 5, '-7.444805265404284', '112.67204870469868'),
(411, 0, '-7.444805265404284', '112.67204870469868'),
(412, 0, '-7.444805265404284', '112.67204870469868'),
(413, 0, '-7.444805265404284', '112.67204870469868'),
(414, 5, '-7.444805265404284', '112.67204870469868'),
(415, 0, '-7.444805265404284', '112.67204870469868'),
(416, 5, '-7.477596', '112.4396123'),
(417, 5, '-7.47750379', '112.43957697'),
(418, 5, '-7.47745462', '112.43962456'),
(419, 5, '-7.47742581', '112.43967626'),
(420, 5, '-7.4843237', '112.4424917'),
(421, 5, '-7.48429465', '112.44195821'),
(422, 5, '-7.48432525', '112.44211789'),
(423, 5, '-7.48434142', '112.4421704'),
(424, 5, '-7.48435691', '112.44225924'),
(425, 5, '-7.48439204', '112.44252831'),
(426, 5, '-7.48439326', '112.44259879'),
(427, 5, '-7.48442297', '112.44255452'),
(428, 5, '-7.4843756', '112.4425252'),
(429, 5, '-7.4843762', '112.44243447'),
(430, 5, '-7.48436132', '112.44238224'),
(431, 5, '-7.484318', '112.4424943'),
(432, 5, '-7.48434288', '112.44238711'),
(433, 5, '-7.4843229', '112.4424926'),
(434, 5, '-7.48424789', '112.4423677'),
(435, 5, '-7.48426851', '112.44232435'),
(436, 5, '-7.4843233', '112.4424927'),
(437, 5, '-7.48429521', '112.44234569'),
(438, 5, '-7.4843236', '112.4424926'),
(439, 5, '-7.48434862', '112.44241644'),
(440, 5, '-7.48439532', '112.44249564'),
(441, 5, '-7.48436152', '112.44244667'),
(442, 5, '-7.4843236', '112.4424926'),
(443, 5, '-7.48434328', '112.44242246'),
(444, 5, '-7.48433621', '112.44241461'),
(445, 5, '-7.4843235', '112.4424926'),
(446, 5, '-7.48433874', '112.44240918'),
(447, 5, '-7.4843235', '112.4424926'),
(448, 5, '-7.48433749', '112.4424135'),
(449, 5, '-7.4843236', '112.4424926'),
(450, 5, '-7.48434269', '112.44241732'),
(451, 5, '-7.4843236', '112.4424926'),
(452, 5, '-7.4843236', '112.4424926'),
(453, 5, '-7.48434948', '112.4424185'),
(454, 5, '-7.48435694', '112.44242329'),
(455, 5, '-7.4843236', '112.4424926'),
(456, 5, '-7.48435826', '112.44242376'),
(457, 5, '-7.4843236', '112.4424926'),
(458, 5, '-7.48435949', '112.44242487'),
(459, 5, '-7.4843236', '112.4424926'),
(460, 5, '-7.4843235', '112.4424927'),
(461, 5, '-7.48435939', '112.44242405'),
(462, 5, '-7.48436135', '112.44242639'),
(463, 5, '-7.4843235', '112.4424926'),
(464, 5, '-7.48436369', '112.44242589'),
(465, 5, '-7.4843236', '112.4424926'),
(466, 5, '-7.4934658', '112.7368073'),
(467, 5, '-7.49359963', '112.73679098'),
(468, 5, '-7.4934658', '112.7368073'),
(469, 5, '-7.49353072', '112.7366096'),
(470, 5, '-7.4934658', '112.7368073'),
(471, 5, '-7.49353171', '112.73661565'),
(472, 5, '-7.49353148', '112.73661578'),
(473, 5, '-7.4934654', '112.7368051'),
(474, 5, '-7.4935193', '112.73663852'),
(475, 5, '-7.4934658', '112.7368073'),
(476, 5, '-7.49352695', '112.73664672'),
(477, 5, '-7.49352325', '112.73669525'),
(478, 5, '-7.4511902', '112.7007428'),
(479, 5, '-7.45164293', '112.70061521'),
(480, 5, '-7.45130991', '112.7007489'),
(481, 5, '-7.4511712', '112.7007423'),
(482, 5, '-7.45131854', '112.70063869'),
(483, 5, '-7.4511993', '112.7007426'),
(484, 5, '-7.4498688', '112.7001287'),
(485, 5, '-7.4511995', '112.7007427'),
(486, 5, '-7.45115985', '112.70063685'),
(487, 5, '-7.45097503', '112.70068569'),
(488, 5, '-7.45103653', '112.70067033'),
(489, 5, '-7.45099811', '112.70062126'),
(490, 5, '-7.45103117', '112.70065307'),
(491, 5, '-7.4503998', '112.7019909'),
(492, 5, '-7.4512001', '112.7007424'),
(493, 5, '-7.4511368', '112.7007148'),
(494, 5, '-7.4511997', '112.7007427'),
(495, 5, '-7.4511932', '112.700743'),
(496, 5, '-7.4511936', '112.7007426'),
(497, 5, '-7.451195', '112.700742'),
(498, 5, '-7.4511953', '112.7007427'),
(499, 0, '-7.4511953', '112.7007436'),
(500, 0, '-7.4511974', '112.7007421'),
(501, 5, '-7.4511974', '112.7007421'),
(502, 0, '-7.4511974', '112.7007421'),
(503, 5, '-7.4511912', '112.700744'),
(504, 5, '-7.4511893', '112.7007434'),
(505, 5, '-7.4511982', '112.7007423'),
(506, 5, '-7.451173', '112.7007371'),
(507, 5, '-7.4511738', '112.7007413'),
(508, 5, '-7.45121091', '112.70053606'),
(509, 5, '-7.45121091', '112.70053606'),
(510, 5, '-7.45123858', '112.70059967'),
(511, 5, '-7.45123858', '112.70059967'),
(512, 5, '-7.45124785', '112.70054573'),
(513, 5, '-7.45124785', '112.70054573'),
(514, 5, '-7.45120659', '112.70061219'),
(515, 5, '-7.45120659', '112.70061219'),
(516, 5, '-7.45104376', '112.70069228'),
(517, 5, '-7.45104376', '112.70069228'),
(518, 5, '-7.45100046', '112.70071062'),
(519, 5, '-7.45100046', '112.70071062'),
(520, 5, '-7.451201', '112.7007386'),
(521, 5, '-7.4511997', '112.7007427'),
(522, 5, '-7.4511997', '112.7007427'),
(523, 5, '-7.4511995', '112.7007427'),
(524, 5, '-7.4511992', '112.7007423'),
(525, 5, '-7.4511989', '112.7007425'),
(526, 5, '-7.45115675', '112.70074689'),
(527, 5, '-7.4511669', '112.700725'),
(528, 5, '-7.451161', '112.700723'),
(529, 5, '-7.4511995', '112.7007421'),
(530, 5, '-7.4512', '112.7007424'),
(531, 5, '-7.4511893', '112.7007404'),
(532, 5, '-7.451205938123167', '112.70069025456905'),
(533, 5, '-7.451494778506458', '112.70073677413166'),
(534, 5, '-7.451465190388262', '112.70069637335837'),
(535, 5, '-7.451419006101787', '112.70069980993867'),
(536, 5, '-7.4522758', '112.7041554'),
(537, 5, '-7.451479146257043', '112.70071657374501'),
(538, 5, '-7.451415024697781', '112.70072286017239'),
(539, 5, '-7.451383131556213', '112.7006776817143'),
(540, 5, '-7.451357021927834', '112.70063811913133'),
(541, 5, '-7.4511995', '112.7007427'),
(542, 5, '-7.45131092146039', '112.70061238668859'),
(543, 5, '-7.451265533454716', '112.70058464258909'),
(544, 5, '-7.4511995', '112.7007427'),
(545, 5, '-7.451266790740192', '112.7005238737911'),
(546, 5, '-7.451314944773912', '112.70050124265254'),
(547, 5, '-7.451248141005635', '112.7005511149764'),
(548, 5, '-7.451198101043701', '112.70057843998075'),
(549, 5, '-7.451152754947543', '112.70059713162482'),
(550, 5, '-7.451109671965241', '112.70056284964085'),
(551, 5, '-7.4511999', '112.7007426'),
(552, 5, '-7.451022458262742', '112.70062127150595'),
(553, 5, '-7.450977070257068', '112.7006377838552'),
(554, 5, '-7.450930634513497', '112.70064842887223'),
(555, 5, '-7.4512019', '112.7007412'),
(556, 5, '-7.45110937859863', '112.7008603233844'),
(557, 5, '-7.45110937859863', '112.7008603233844'),
(558, 5, '-7.45110937859863', '112.7008603233844'),
(559, 5, '-7.4512031', '112.7007406'),
(560, 5, '-7.4511999', '112.7007426'),
(561, 5, '-7.4512018', '112.7007411'),
(562, 0, '-7.4512018', '112.7007411'),
(563, 5, '-7.451189886778593', '112.70055463537574'),
(564, 5, '-7.451189886778593', '112.70055463537574'),
(565, 0, '-7.451189886778593', '112.70055463537574'),
(566, 5, '-7.451189886778593', '112.70055463537574'),
(567, 5, '-7.451189886778593', '112.70055463537574'),
(568, 5, '-7.451049406081438', '112.70066318102181'),
(569, 5, '-7.451049406081438', '112.70066318102181'),
(570, 5, '-7.451049406081438', '112.70066318102181'),
(571, 5, '-7.451049406081438', '112.70066318102181'),
(572, 0, '-7.451049406081438', '112.70066318102181'),
(573, 5, '-7.451306018047035', '112.70054331980646'),
(574, 5, '-7.451306018047035', '112.70054331980646'),
(575, 5, '-7.451306018047035', '112.70054331980646'),
(576, 5, '-7.451306018047035', '112.70054331980646'),
(577, 0, '-7.451306018047035', '112.70054331980646'),
(578, 5, '-7.450681943446398', '112.70072344690561'),
(579, 5, '-7.450681943446398', '112.70072344690561'),
(580, 5, '-7.450681943446398', '112.70072344690561'),
(581, 5, '-7.450681943446398', '112.70072344690561'),
(582, 0, '-7.450681943446398', '112.70072344690561'),
(583, 5, '-7.4504514411091805', '112.70062998868525'),
(584, 5, '-7.4504514411091805', '112.70062998868525'),
(585, 0, '-7.4504514411091805', '112.70062998868525'),
(586, 5, '-7.4504514411091805', '112.70062998868525'),
(587, 5, '-7.4504514411091805', '112.70062998868525'),
(588, 5, '-7.4507270799949765', '112.70058296620846'),
(589, 5, '-7.4507270799949765', '112.70058296620846'),
(590, 5, '-7.4507270799949765', '112.70058296620846'),
(591, 5, '-7.4507270799949765', '112.70058296620846'),
(592, 0, '-7.4507270799949765', '112.70058296620846'),
(593, 5, '-7.45078198146075', '112.70057517103851'),
(594, 5, '-7.45078198146075', '112.70057517103851'),
(595, 5, '-7.45078198146075', '112.70057517103851'),
(596, 5, '-7.45078198146075', '112.70057517103851'),
(597, 0, '-7.45078198146075', '112.70057517103851'),
(598, 5, '-7.45086554903537', '112.70057307556272'),
(599, 5, '-7.45086554903537', '112.70057307556272'),
(600, 5, '-7.45086554903537', '112.70057307556272'),
(601, 5, '-7.45086554903537', '112.70057307556272'),
(602, 0, '-7.45086554903537', '112.70057307556272'),
(603, 5, '-7.450908967293799', '112.70058891735971'),
(604, 5, '-7.450908967293799', '112.70058891735971'),
(605, 5, '-7.450908967293799', '112.70058891735971'),
(606, 0, '-7.450908967293799', '112.70058891735971'),
(607, 5, '-7.450908967293799', '112.70058891735971'),
(608, 5, '-7.450961857102811', '112.70058807916939'),
(609, 5, '-7.450961857102811', '112.70058807916939'),
(610, 5, '-7.450961857102811', '112.70058807916939'),
(611, 0, '-7.450961857102811', '112.70058807916939'),
(612, 5, '-7.450961857102811', '112.70058807916939'),
(613, 0, '-7.451013447716832', '112.70058824680746'),
(614, 5, '-7.451013447716832', '112.70058824680746'),
(615, 5, '-7.451013447716832', '112.70058824680746'),
(616, 5, '-7.451013447716832', '112.70058824680746'),
(617, 5, '-7.451013447716832', '112.70058824680746'),
(618, 5, '-7.451048484072089', '112.70054910331964'),
(619, 5, '-7.451048484072089', '112.70054910331964'),
(620, 5, '-7.451048484072089', '112.70054910331964'),
(621, 0, '-7.451048484072089', '112.70054910331964'),
(622, 5, '-7.451048484072089', '112.70054910331964'),
(623, 5, '-7.451094123534858', '112.70051188766956'),
(624, 0, '-7.451094123534858', '112.70051188766956'),
(625, 5, '-7.451094123534858', '112.70051188766956'),
(626, 5, '-7.451094123534858', '112.70051188766956'),
(627, 5, '-7.451094123534858', '112.70051188766956'),
(628, 5, '-7.451139343902469', '112.70050652325153'),
(629, 5, '-7.451139343902469', '112.70050652325153'),
(630, 5, '-7.451139343902469', '112.70050652325153'),
(631, 5, '-7.451139343902469', '112.70050652325153'),
(632, 0, '-7.451139343902469', '112.70050652325153'),
(633, 5, '-7.451186953112483', '112.70051649771631'),
(634, 5, '-7.451186953112483', '112.70051649771631'),
(635, 5, '-7.451186953112483', '112.70051649771631'),
(636, 0, '-7.451186953112483', '112.70051649771631'),
(637, 5, '-7.451186953112483', '112.70051649771631'),
(638, 5, '-7.451232341118157', '112.70052764564753'),
(639, 0, '-7.451232341118157', '112.70052764564753'),
(640, 5, '-7.451232341118157', '112.70052764564753'),
(641, 5, '-7.451232341118157', '112.70052764564753'),
(642, 5, '-7.451232341118157', '112.70052764564753'),
(643, 5, '-7.4511995', '112.7007427'),
(644, 5, '-7.45128866750747', '112.70054751075804'),
(645, 5, '-7.45128866750747', '112.70054751075804'),
(646, 0, '-7.45128866750747', '112.70054751075804'),
(647, 5, '-7.45128866750747', '112.70054751075804'),
(648, 5, '-7.45128866750747', '112.70054751075804'),
(649, 5, '-7.451328355818987', '112.70057559013367'),
(650, 5, '-7.451328355818987', '112.70057559013367'),
(651, 5, '-7.451328355818987', '112.70057559013367'),
(652, 5, '-7.451328355818987', '112.70057559013367'),
(653, 0, '-7.451328355818987', '112.70057559013367'),
(654, 5, '-7.451391639187932', '112.70060936920345'),
(655, 5, '-7.451391639187932', '112.70060936920345'),
(656, 5, '-7.451391639187932', '112.70060936920345'),
(657, 5, '-7.451391639187932', '112.70060936920345'),
(658, 0, '-7.451391639187932', '112.70060936920345'),
(659, 5, '-7.451429525390267', '112.7006449084729'),
(660, 5, '-7.451429525390267', '112.7006449084729'),
(661, 5, '-7.451429525390267', '112.7006449084729'),
(662, 5, '-7.451429525390267', '112.7006449084729'),
(663, 0, '-7.451429525390267', '112.7006449084729'),
(664, 5, '-7.451450773514807', '112.7006914280355'),
(665, 5, '-7.451450773514807', '112.7006914280355'),
(666, 0, '-7.451450773514807', '112.7006914280355'),
(667, 5, '-7.451450773514807', '112.7006914280355'),
(668, 5, '-7.451450773514807', '112.7006914280355'),
(669, 5, '-7.451476799324155', '112.70073300227523'),
(670, 5, '-7.451476799324155', '112.70073300227523'),
(671, 5, '-7.451476799324155', '112.70073300227523'),
(672, 5, '-7.451476799324155', '112.70073300227523'),
(673, 0, '-7.451476799324155', '112.70073300227523'),
(674, 5, '-7.45148413348943', '112.70068782381713'),
(675, 5, '-7.45148413348943', '112.70068782381713'),
(676, 5, '-7.45148413348943', '112.70068782381713'),
(677, 0, '-7.45148413348943', '112.70068782381713'),
(678, 5, '-7.45148413348943', '112.70068782381713'),
(679, 5, '-7.451471937820315', '112.70064373500645'),
(680, 5, '-7.451471937820315', '112.70064373500645'),
(681, 5, '-7.451471937820315', '112.70064373500645'),
(682, 0, '-7.451471937820315', '112.70064373500645'),
(683, 5, '-7.451471937820315', '112.70064373500645'),
(684, 5, '-7.45152055285871', '112.70063728094101'),
(685, 5, '-7.45152055285871', '112.70063728094101'),
(686, 5, '-7.45152055285871', '112.70063728094101'),
(687, 5, '-7.45152055285871', '112.70063728094101'),
(688, 0, '-7.45152055285871', '112.70063728094101'),
(689, 5, '-7.451473865658045', '112.70066100172698'),
(690, 5, '-7.451473865658045', '112.70066100172698'),
(691, 0, '-7.451473865658045', '112.70066100172698'),
(692, 5, '-7.451473865658045', '112.70066100172698'),
(693, 5, '-7.451473865658045', '112.70066100172698'),
(694, 5, '-7.451422149315476', '112.70064013078809'),
(695, 5, '-7.451422149315476', '112.70064013078809'),
(696, 5, '-7.451422149315476', '112.70064013078809'),
(697, 5, '-7.451422149315476', '112.70064013078809'),
(698, 0, '-7.451422149315476', '112.70064013078809'),
(699, 5, '-7.451367541216314', '112.70061439834535'),
(700, 5, '-7.451367541216314', '112.70061439834535'),
(701, 5, '-7.451367541216314', '112.70061439834535'),
(702, 5, '-7.451367541216314', '112.70061439834535'),
(703, 0, '-7.451367541216314', '112.70061439834535'),
(704, 5, '-7.451306646689773', '112.70059537142515'),
(705, 5, '-7.451306646689773', '112.70059537142515'),
(706, 5, '-7.451306646689773', '112.70059537142515'),
(707, 5, '-7.451306646689773', '112.70059537142515'),
(708, 0, '-7.451306646689773', '112.70059537142515'),
(709, 5, '-7.451240387745202', '112.70056896843016'),
(710, 5, '-7.451240387745202', '112.70056896843016'),
(711, 0, '-7.451240387745202', '112.70056896843016'),
(712, 5, '-7.451240387745202', '112.70056896843016'),
(713, 5, '-7.451240387745202', '112.70056896843016'),
(714, 5, '-7.451187749393284', '112.70054206252098'),
(715, 5, '-7.451187749393284', '112.70054206252098'),
(716, 5, '-7.451187749393284', '112.70054206252098'),
(717, 5, '-7.451187749393284', '112.70054206252098'),
(718, 0, '-7.451187749393284', '112.70054206252098'),
(719, 0, '-7.4511699', '112.700732'),
(720, 0, '-7.45128208771348', '112.70061322487891'),
(721, 5, '-7.45128208771348', '112.70061322487891'),
(722, 5, '-7.45128208771348', '112.70061322487891'),
(723, 5, '-7.45128208771348', '112.70061322487891'),
(724, 5, '-7.45128208771348', '112.70061322487891'),
(725, 0, '-7.45128208771348', '112.70061322487891'),
(726, 5, '-7.451343652792275', '112.70062076859176'),
(727, 5, '-7.451343652792275', '112.70062076859176'),
(728, 5, '-7.451343652792275', '112.70062076859176'),
(729, 0, '-7.451343652792275', '112.70062076859176'),
(730, 5, '-7.451343652792275', '112.70062076859176'),
(731, 0, '-7.451343652792275', '112.70062076859176'),
(732, 5, '-7.451398009434342', '112.70065345801413'),
(733, 5, '-7.451398009434342', '112.70065345801413'),
(734, 5, '-7.451398009434342', '112.70065345801413'),
(735, 5, '-7.451398009434342', '112.70065345801413'),
(736, 0, '-7.451398009434342', '112.70065345801413'),
(737, 0, '-7.451398009434342', '112.70065345801413'),
(738, 5, '-7.451396626420319', '112.70060417242348'),
(739, 5, '-7.451396626420319', '112.70060417242348'),
(740, 5, '-7.451396626420319', '112.70060417242348'),
(741, 0, '-7.451396626420319', '112.70060417242348'),
(742, 5, '-7.451396626420319', '112.70060417242348'),
(743, 0, '-7.451396626420319', '112.70060417242348'),
(744, 5, '-7.4513614643365145', '112.70057533867657'),
(745, 5, '-7.4513614643365145', '112.70057533867657'),
(746, 5, '-7.4513614643365145', '112.70057533867657'),
(747, 0, '-7.4513614643365145', '112.70057533867657'),
(748, 0, '-7.4513614643365145', '112.70057533867657'),
(749, 5, '-7.4513614643365145', '112.70057533867657'),
(750, 5, '-7.451321524567902', '112.70055228844285'),
(751, 5, '-7.451321524567902', '112.70055228844285'),
(752, 5, '-7.451321524567902', '112.70055228844285'),
(753, 0, '-7.451321524567902', '112.70055228844285'),
(754, 0, '-7.451321524567902', '112.70055228844285'),
(755, 5, '-7.451321524567902', '112.70055228844285'),
(756, 5, '-7.45129210408777', '112.70050710998476'),
(757, 5, '-7.45129210408777', '112.70050710998476'),
(758, 5, '-7.45129210408777', '112.70050710998476'),
(759, 0, '-7.45129210408777', '112.70050710998476'),
(760, 5, '-7.45129210408777', '112.70050710998476'),
(761, 0, '-7.45129210408777', '112.70050710998476'),
(762, 5, '-7.451305473223329', '112.7004633564502'),
(763, 5, '-7.451305473223329', '112.7004633564502'),
(764, 5, '-7.451305473223329', '112.7004633564502'),
(765, 5, '-7.451305473223329', '112.7004633564502'),
(766, 0, '-7.451305473223329', '112.7004633564502'),
(767, 0, '-7.451305473223329', '112.7004633564502'),
(768, 5, '-7.451354507356882', '112.70047483965755'),
(769, 5, '-7.451354507356882', '112.70047483965755'),
(770, 5, '-7.451354507356882', '112.70047483965755'),
(771, 5, '-7.451354507356882', '112.70047483965755'),
(772, 0, '-7.451354507356882', '112.70047483965755'),
(773, 0, '-7.451354507356882', '112.70047483965755'),
(774, 5, '-7.451402577571571', '112.700505098328'),
(775, 5, '-7.451402577571571', '112.700505098328'),
(776, 5, '-7.451402577571571', '112.700505098328'),
(777, 5, '-7.451402577571571', '112.700505098328'),
(778, 0, '-7.451402577571571', '112.700505098328'),
(779, 0, '-7.451402577571571', '112.700505098328'),
(780, 5, '-7.451424957253039', '112.70055572502315'),
(781, 5, '-7.451424957253039', '112.70055572502315'),
(782, 5, '-7.451424957253039', '112.70055572502315'),
(783, 5, '-7.451424957253039', '112.70055572502315'),
(784, 0, '-7.451424957253039', '112.70055572502315'),
(785, 0, '-7.451424957253039', '112.70055572502315'),
(786, 5, '-7.451376803219318', '112.70056712441146'),
(787, 5, '-7.451376803219318', '112.70056712441146'),
(788, 5, '-7.451376803219318', '112.70056712441146'),
(789, 0, '-7.451376803219318', '112.70056712441146'),
(790, 0, '-7.451376803219318', '112.70056712441146'),
(791, 5, '-7.451376803219318', '112.70056712441146'),
(792, 5, '-7.451334139332175', '112.70052429288626'),
(793, 5, '-7.451334139332175', '112.70052429288626'),
(794, 5, '-7.451334139332175', '112.70052429288626'),
(795, 0, '-7.451334139332175', '112.70052429288626'),
(796, 5, '-7.451334139332175', '112.70052429288626'),
(797, 0, '-7.451334139332175', '112.70052429288626'),
(798, 5, '-7.451306730508804', '112.70056829787791'),
(799, 5, '-7.451306730508804', '112.70056829787791'),
(800, 5, '-7.451306730508804', '112.70056829787791'),
(801, 5, '-7.451306730508804', '112.70056829787791'),
(802, 0, '-7.451306730508804', '112.70056829787791'),
(803, 0, '-7.451306730508804', '112.70056829787791'),
(804, 5, '-7.451259959489107', '112.700568549335'),
(805, 5, '-7.451259959489107', '112.700568549335'),
(806, 5, '-7.451259959489107', '112.700568549335'),
(807, 0, '-7.451259959489107', '112.700568549335'),
(808, 0, '-7.451259959489107', '112.700568549335'),
(809, 5, '-7.451259959489107', '112.700568549335'),
(810, 5, '-7.4512', '112.7007425'),
(811, 0, '-7.451296127401292', '112.7006221935153'),
(812, 5, '-7.451296127401292', '112.7006221935153'),
(813, 5, '-7.451296127401292', '112.7006221935153'),
(814, 5, '-7.451296127401292', '112.7006221935153'),
(815, 0, '-7.451296127401292', '112.7006221935153'),
(816, 5, '-7.451296127401292', '112.7006221935153'),
(817, 5, '-7.451347089372575', '112.70064448937774'),
(818, 5, '-7.451347089372575', '112.70064448937774'),
(819, 5, '-7.451347089372575', '112.70064448937774'),
(820, 5, '-7.451347089372575', '112.70064448937774'),
(821, 0, '-7.451347089372575', '112.70064448937774'),
(822, 0, '-7.451347089372575', '112.70064448937774'),
(823, 5, '-7.451397883705795', '112.70067164674401'),
(824, 5, '-7.451397883705795', '112.70067164674401'),
(825, 5, '-7.451397883705795', '112.70067164674401'),
(826, 0, '-7.451397883705795', '112.70067164674401'),
(827, 0, '-7.451397883705795', '112.70067164674401'),
(828, 5, '-7.451397883705795', '112.70067164674401'),
(829, 5, '-7.451450144872069', '112.70070341415703'),
(830, 5, '-7.451450144872069', '112.70070341415703'),
(831, 0, '-7.451450144872069', '112.70070341415703'),
(832, 5, '-7.451450144872069', '112.70070341415703'),
(833, 5, '-7.451450144872069', '112.70070341415703'),
(834, 5, '-7.4512', '112.7007425'),
(835, 0, '-7.451450144872069', '112.70070341415703'),
(836, 5, '-7.451400943100452', '112.70068078301847'),
(837, 5, '-7.451400943100452', '112.70068078301847'),
(838, 5, '-7.451400943100452', '112.70068078301847'),
(839, 0, '-7.451400943100452', '112.70068078301847'),
(840, 5, '-7.451400943100452', '112.70068078301847'),
(841, 0, '-7.451400943100452', '112.70068078301847'),
(842, 5, '-7.4513561418280005', '112.70064641721547'),
(843, 5, '-7.4513561418280005', '112.70064641721547'),
(844, 5, '-7.4513561418280005', '112.70064641721547'),
(845, 0, '-7.4513561418280005', '112.70064641721547'),
(846, 5, '-7.4513561418280005', '112.70064641721547'),
(847, 0, '-7.4513561418280005', '112.70064641721547'),
(848, 5, '-7.451322404667735', '112.700602915138'),
(849, 5, '-7.451322404667735', '112.700602915138'),
(850, 5, '-7.451322404667735', '112.700602915138'),
(851, 0, '-7.451322404667735', '112.700602915138'),
(852, 5, '-7.451322404667735', '112.700602915138'),
(853, 0, '-7.451322404667735', '112.700602915138'),
(854, 0, '-7.451280998066068', '112.7005827985704'),
(855, 5, '-7.451280998066068', '112.7005827985704'),
(856, 0, '-7.451280998066068', '112.7005827985704'),
(857, 5, '-7.451280998066068', '112.7005827985704'),
(858, 5, '-7.451280998066068', '112.7005827985704'),
(859, 5, '-7.451280998066068', '112.7005827985704'),
(860, 5, '-7.451228611171246', '112.70055597648025'),
(861, 5, '-7.451228611171246', '112.70055597648025'),
(862, 0, '-7.451228611171246', '112.70055597648025'),
(863, 5, '-7.451228611171246', '112.70055597648025'),
(864, 5, '-7.451228611171246', '112.70055597648025'),
(865, 0, '-7.451228611171246', '112.70055597648025'),
(866, 5, '-7.451188755221665', '112.7005323395133'),
(867, 5, '-7.451188755221665', '112.7005323395133'),
(868, 5, '-7.451188755221665', '112.7005323395133'),
(869, 0, '-7.451188755221665', '112.7005323395133'),
(870, 5, '-7.451188755221665', '112.7005323395133'),
(871, 0, '-7.451188755221665', '112.7005323395133'),
(872, 5, '-7.4511405592784286', '112.70050761289895'),
(873, 0, '-7.4511405592784286', '112.70050761289895'),
(874, 5, '-7.4511405592784286', '112.70050761289895'),
(875, 5, '-7.4511405592784286', '112.70050761289895'),
(876, 5, '-7.4511405592784286', '112.70050761289895'),
(877, 0, '-7.4511405592784286', '112.70050761289895'),
(878, 5, '-7.451086789369583', '112.7004876639694'),
(879, 5, '-7.451086789369583', '112.7004876639694'),
(880, 5, '-7.451086789369583', '112.7004876639694'),
(881, 0, '-7.451086789369583', '112.7004876639694'),
(882, 5, '-7.451086789369583', '112.7004876639694'),
(883, 0, '-7.451086789369583', '112.7004876639694'),
(884, 5, '-7.451029666699469', '112.7004773542285'),
(885, 5, '-7.451029666699469', '112.7004773542285'),
(886, 5, '-7.451029666699469', '112.7004773542285'),
(887, 0, '-7.451029666699469', '112.7004773542285'),
(888, 5, '-7.451029666699469', '112.7004773542285'),
(889, 0, '-7.451029666699469', '112.7004773542285'),
(890, 5, '-7.4509497452527285', '112.70045002922416'),
(891, 5, '-7.4509497452527285', '112.70045002922416'),
(892, 5, '-7.4509497452527285', '112.70045002922416'),
(893, 5, '-7.4509497452527285', '112.70045002922416'),
(894, 0, '-7.4509497452527285', '112.70045002922416'),
(895, 0, '-7.4509497452527285', '112.70045002922416'),
(896, 5, '-7.450874727219343', '112.70042672753334'),
(897, 5, '-7.450874727219343', '112.70042672753334'),
(898, 5, '-7.450874727219343', '112.70042672753334'),
(899, 5, '-7.450874727219343', '112.70042672753334'),
(900, 0, '-7.450874727219343', '112.70042672753334'),
(901, 0, '-7.450874727219343', '112.70042672753334'),
(902, 5, '-7.450819448567927', '112.70041407085955'),
(903, 5, '-7.450819448567927', '112.70041407085955'),
(904, 5, '-7.450819448567927', '112.70041407085955'),
(905, 0, '-7.450819448567927', '112.70041407085955'),
(906, 5, '-7.450819448567927', '112.70041407085955'),
(907, 0, '-7.450819448567927', '112.70041407085955'),
(908, 5, '-7.450769282877445', '112.700383560732'),
(909, 5, '-7.450769282877445', '112.700383560732'),
(910, 5, '-7.450769282877445', '112.700383560732'),
(911, 5, '-7.450769282877445', '112.700383560732'),
(912, 0, '-7.450769282877445', '112.700383560732'),
(913, 0, '-7.450769282877445', '112.700383560732'),
(914, 5, '-7.450722218491137', '112.70036713220179'),
(915, 5, '-7.450722218491137', '112.70036713220179'),
(916, 5, '-7.450722218491137', '112.70036713220179'),
(917, 0, '-7.450722218491137', '112.70036713220179'),
(918, 5, '-7.450722218491137', '112.70036713220179'),
(919, 0, '-7.450722218491137', '112.70036713220179'),
(920, 5, '-7.450786549597979', '112.7003806270659'),
(921, 5, '-7.450786549597979', '112.7003806270659'),
(922, 5, '-7.450786549597979', '112.7003806270659'),
(923, 5, '-7.450786549597979', '112.7003806270659'),
(924, 0, '-7.450786549597979', '112.7003806270659'),
(925, 0, '-7.450786549597979', '112.7003806270659'),
(926, 5, '-7.450838307850063', '112.70038054324687'),
(927, 5, '-7.450838307850063', '112.70038054324687'),
(928, 5, '-7.450838307850063', '112.70038054324687'),
(929, 5, '-7.450838307850063', '112.70038054324687'),
(930, 0, '-7.450838307850063', '112.70038054324687'),
(931, 0, '-7.450838307850063', '112.70038054324687'),
(932, 5, '-7.4511904', '112.7007379'),
(933, 5, '-7.450878834351897', '112.70039512775838'),
(934, 5, '-7.450916594825685', '112.70041222684085'),
(935, 5, '-7.450916594825685', '112.70041222684085'),
(936, 5, '-7.450916594825685', '112.70041222684085'),
(937, 0, '-7.450916594825685', '112.70041222684085'),
(938, 5, '-7.450916594825685', '112.70041222684085'),
(939, 0, '-7.450916594825685', '112.70041222684085'),
(940, 5, '-7.450938052497804', '112.70042111165822'),
(941, 5, '-7.4509668024256825', '112.70040024071932'),
(942, 5, '-7.4509668024256825', '112.70040024071932'),
(943, 5, '-7.4509668024256825', '112.70040024071932'),
(944, 5, '-7.4509668024256825', '112.70040024071932'),
(945, 0, '-7.4509668024256825', '112.70040024071932'),
(946, 0, '-7.4509668024256825', '112.70040024071932'),
(947, 5, '-7.450943291187286', '112.7003631927073'),
(948, 5, '-7.450976148247719', '112.7004025876522'),
(949, 5, '-7.451024344190955', '112.70044357515872'),
(950, 5, '-7.451024344190955', '112.70044357515872'),
(951, 5, '-7.451024344190955', '112.70044357515872'),
(952, 5, '-7.451024344190955', '112.70044357515872'),
(953, 0, '-7.451024344190955', '112.70044357515872'),
(954, 0, '-7.451024344190955', '112.70044357515872'),
(955, 5, '-7.451024344190955', '112.70044357515872'),
(956, 5, '-7.4512', '112.7007425'),
(957, 0, '-7.4512015', '112.7007405'),
(958, 0, '-7.451308951713145', '112.70067231729627'),
(959, 0, '-7.451354884542525', '112.70069469697773'),
(960, 0, '-7.451283889822662', '112.70069704391062'),
(961, 0, '-7.451108247041702', '112.70059369504452'),
(962, 0, '-7.451029163785279', '112.70057835616171'),
(963, 0, '-7.450629849918187', '112.70044525153935'),
(964, 0, '-7.450739401392639', '112.7004014980048'),
(965, 0, '-7.450812910683453', '112.7004168368876'),
(966, 0, '-7.450861735269427', '112.70043795928359'),
(967, 0, '-7.450908087193966', '112.70045841112733'),
(968, 0, '-7.450948739424348', '112.70048347301781'),
(969, 0, '-7.451002048328519', '112.70051037892699'),
(970, 0, '-7.451046975329518', '112.70052320323884'),
(971, 0, '-7.451102714985609', '112.70053083077073'),
(972, 0, '-7.451153467409313', '112.70054684020579'),
(973, 0, '-7.451106822118163', '112.70053016021848'),
(974, 5, '-7.451106822118163', '112.70053016021848'),
(975, 5, '-7.4511998', '112.7007408'),
(976, 5, '-7.4510584166273475', '112.70051741972566'),
(977, 0, '-7.4510584166273475', '112.70051741972566'),
(978, 5, '-7.451088381931186', '112.70056318491697'),
(979, 0, '-7.451088381931186', '112.70056318491697'),
(980, 0, '-7.451140056364238', '112.70059922710061'),
(981, 5, '-7.451140056364238', '112.70059922710061'),
(982, 5, '-7.451189216226339', '112.70059411413968'),
(983, 0, '-7.451189216226339', '112.70059411413968'),
(984, 0, '-7.451136074960232', '112.70059319213033'),
(985, 5, '-7.451136074960232', '112.70059319213033'),
(986, 0, '-7.451065583154559', '112.7006203494966'),
(987, 5, '-7.451065583154559', '112.7006203494966'),
(988, 0, '-7.4510086281225085', '112.70060970447958'),
(989, 5, '-7.4510086281225085', '112.70060970447958'),
(990, 0, '-7.450927910394967', '112.70058363676071'),
(991, 5, '-7.450927910394967', '112.70058363676071'),
(992, 0, '-7.450838978402317', '112.70056419074535'),
(993, 5, '-7.450838978402317', '112.70056419074535'),
(994, 0, '-7.450751303695142', '112.70052680745721'),
(995, 5, '-7.450751303695142', '112.70052680745721'),
(996, 0, '-7.4507025629282', '112.70051037892699'),
(997, 5, '-7.4507025629282', '112.70051037892699'),
(998, 5, '-7.45072066783905', '112.70046620629728'),
(999, 0, '-7.45072066783905', '112.70046620629728'),
(1000, 5, '-7.450767648406327', '112.70044106058776'),
(1001, 0, '-7.450767648406327', '112.70044106058776'),
(1002, 5, '-7.450814419426024', '112.70045212469995'),
(1003, 0, '-7.450814419426024', '112.70045212469995'),
(1004, 0, '-7.450865129940212', '112.70046327263117'),
(1005, 5, '-7.450865129940212', '112.70046327263117'),
(1006, 0, '-7.450915882363915', '112.70047852769494'),
(1007, 5, '-7.450915882363915', '112.70047852769494'),
(1008, 5, '-7.450981973670423', '112.70048280246556'),
(1009, 0, '-7.450981973670423', '112.70048280246556'),
(1010, 5, '-7.451030379161239', '112.70049051381648'),
(1011, 0, '-7.451030379161239', '112.70049051381648'),
(1012, 5, '-7.4512043', '112.7007391'),
(1013, 5, '-7.451082724146545', '112.70055086351931'),
(1014, 0, '-7.451082724146545', '112.70055086351931'),
(1015, 5, '-7.451082724146545', '112.70055086351931'),
(1016, 5, '-7.450999449938536', '112.70051901228726'),
(1017, 0, '-7.450999449938536', '112.70051901228726'),
(1018, 5, '-7.450999449938536', '112.70051901228726'),
(1019, 0, '-7.4509414890781045', '112.70048196427524'),
(1020, 5, '-7.4509414890781045', '112.70048196427524'),
(1021, 5, '-7.4509414890781045', '112.70048196427524'),
(1022, 5, '-7.450892413035035', '112.70044818520546'),
(1023, 0, '-7.450892413035035', '112.70044818520546'),
(1024, 5, '-7.450892413035035', '112.70044818520546'),
(1025, 0, '-7.450565015897155', '112.70031549967825'),
(1026, 5, '-7.450565015897155', '112.70031549967825'),
(1027, 5, '-7.450565015897155', '112.70031549967825'),
(1028, 5, '-7.450307481922209', '112.70028406754136'),
(1029, 0, '-7.450307481922209', '112.70028406754136'),
(1030, 5, '-7.450307481922209', '112.70028406754136'),
(1031, 0, '-7.450291304849088', '112.70023176446557'),
(1032, 5, '-7.450291304849088', '112.70023176446557'),
(1033, 5, '-7.450291304849088', '112.70023176446557'),
(1034, 5, '-7.449997938238084', '112.70014761015773'),
(1035, 5, '-7.449997938238084', '112.70014761015773'),
(1036, 0, '-7.449997938238084', '112.70014761015773'),
(1037, 0, '-7.449902258813381', '112.70012439228594'),
(1038, 5, '-7.449902258813381', '112.70012439228594'),
(1039, 5, '-7.449902258813381', '112.70012439228594'),
(1040, 5, '-7.4499704875051975', '112.70015926100314'),
(1041, 5, '-7.4499704875051975', '112.70015926100314'),
(1042, 0, '-7.4499704875051975', '112.70015926100314'),
(1043, 0, '-7.450020778924227', '112.70018893294036'),
(1044, 5, '-7.450020778924227', '112.70018893294036'),
(1045, 5, '-7.450020778924227', '112.70018893294036'),
(1046, 5, '-7.45017756242305', '112.70019731484354'),
(1047, 5, '-7.45017756242305', '112.70019731484354'),
(1048, 0, '-7.45017756242305', '112.70019731484354'),
(1049, 0, '-7.450188877992332', '112.70011299289763'),
(1050, 5, '-7.450188877992332', '112.70011299289763'),
(1051, 5, '-7.450188877992332', '112.70011299289763'),
(1052, 0, '-7.450258699245751', '112.70015691407025'),
(1053, 5, '-7.450258699245751', '112.70015691407025'),
(1054, 5, '-7.450258699245751', '112.70015691407025'),
(1055, 5, '-7.450354294851422', '112.70021298900247'),
(1056, 5, '-7.450354294851422', '112.70021298900247'),
(1057, 0, '-7.450354294851422', '112.70021298900247'),
(1058, 0, '-7.450542217120528', '112.70027828402817'),
(1059, 5, '-7.450542217120528', '112.70027828402817'),
(1060, 5, '-7.450542217120528', '112.70027828402817'),
(1061, 0, '-7.450581444427371', '112.70030627958477'),
(1062, 5, '-7.450581444427371', '112.70030627958477'),
(1063, 5, '-7.450581444427371', '112.70030627958477'),
(1064, 0, '-7.450634543783963', '112.70029471255839'),
(1065, 5, '-7.450634543783963', '112.70029471255839'),
(1066, 5, '-7.450634543783963', '112.70029471255839'),
(1067, 5, '-7.450712202116847', '112.70030435174704'),
(1068, 0, '-7.450712202116847', '112.70030435174704'),
(1069, 5, '-7.450712202116847', '112.70030435174704'),
(1070, 0, '-7.4507818557322025', '112.7003565710038'),
(1071, 5, '-7.4507818557322025', '112.7003565710038'),
(1072, 5, '-7.4507818557322025', '112.7003565710038'),
(1073, 0, '-7.4508416606113315', '112.70042153075337'),
(1074, 5, '-7.4508416606113315', '112.70042153075337'),
(1075, 5, '-7.4508416606113315', '112.70042153075337'),
(1076, 0, '-7.4508852465078235', '112.7004564832896'),
(1077, 5, '-7.4508852465078235', '112.7004564832896'),
(1078, 5, '-7.4508852465078235', '112.7004564832896'),
(1079, 5, '-7.4509721249341965', '112.70046855323017'),
(1080, 0, '-7.4509721249341965', '112.70046855323017'),
(1081, 5, '-7.4509721249341965', '112.70046855323017'),
(1082, 5, '-7.451027361676097', '112.70049545913935'),
(1083, 0, '-7.451027361676097', '112.70049545913935'),
(1084, 5, '-7.451027361676097', '112.70049545913935'),
(1085, 5, '-7.45106658898294', '112.70054172724485'),
(1086, 5, '-7.45106658898294', '112.70054172724485'),
(1087, 0, '-7.45106658898294', '112.70054172724485'),
(1088, 0, '-7.4511052295565605', '112.7005719859153'),
(1089, 5, '-7.4511052295565605', '112.7005719859153'),
(1090, 5, '-7.4511052295565605', '112.7005719859153'),
(1091, 5, '-7.438859', '112.6954469'),
(1092, 5, '-7.43885984', '112.69540433'),
(1093, 5, '-7.43884435', '112.69548987'),
(1094, 5, '-7.43884513', '112.69553804'),
(1095, 5, '-7.4512001', '112.7007425'),
(1096, 5, '-7.4388737', '112.6954546'),
(1097, 5, '-7.4388323', '112.69551316'),
(1098, 5, '-7.43879772', '112.69556271'),
(1099, 5, '-7.43880847', '112.69551767'),
(1100, 5, '-7.4511921', '112.7007389'),
(1101, 5, '-7.451225174590945', '112.70075060427189'),
(1102, 5, '-7.451281333342195', '112.70074683241546'),
(1103, 5, '-7.451338833197951', '112.70076879300177'),
(1104, 5, '-7.451382922008634', '112.70078036002815'),
(1105, 5, '-7.451394321396947', '112.70084138028324'),
(1106, 5, '-7.45143870357424', '112.7008571382612'),
(1107, 5, '-7.451488953083754', '112.70086199976504'),
(1108, 5, '-7.451531407423317', '112.70083903335035'),
(1109, 5, '-7.451480110175908', '112.70080701448023'),
(1110, 5, '-7.451540166512132', '112.70078186877072'),
(1111, 5, '-7.451498424634337', '112.70080776885152'),
(1112, 5, '-7.4514527432620525', '112.7008568868041'),
(1113, 5, '-7.451465777121484', '112.700803745538'),
(1114, 5, '-7.451402619481087', '112.70077583380044'),
(1115, 5, '-7.451358907856047', '112.70074498839676'),
(1116, 5, '-7.451406978070736', '112.70073811523616'),
(1117, 5, '-7.45147047098726', '112.700748257339'),
(1118, 5, '-7.451517870649695', '112.7007416356355'),
(1119, 5, '-7.451562210917473', '112.70073057152331'),
(1120, 5, '-7.451509991660714', '112.70073618739843'),
(1121, 5, '-7.451459071598947', '112.70074280910194'),
(1122, 5, '-7.4514103308320045', '112.70074549131095'),
(1123, 5, '-7.451362428255379', '112.7007260452956'),
(1124, 5, '-7.4515234446153045', '112.70076636224985'),
(1125, 5, '-7.451611999422312', '112.70075663924217'),
(1126, 5, '-7.451518289744854', '112.70074741914868'),
(1127, 5, '-7.451567575335503', '112.70063887350261'),
(1128, 5, '-7.451617699116468', '112.7006721496582'),
(1129, 5, '-7.451572101563215', '112.70069159567356'),
(1130, 5, '-7.451539705507457', '112.70072629675269'),
(1131, 5, '-7.451460789889097', '112.70073694176972'),
(1132, 5, '-7.451415485702455', '112.70072671584785'),
(1133, 5, '-7.451364314183593', '112.70071280188859'),
(1134, 5, '-7.451316914521158', '112.70070064812899'),
(1135, 5, '-7.4513629311695695', '112.70070483908057'),
(1136, 5, '-7.451417581178248', '112.70071187987924'),
(1137, 5, '-7.451478601433337', '112.70070869475603'),
(1138, 5, '-7.451532622799277', '112.70071774721146'),
(1139, 5, '-7.451580818742514', '112.70072327926755'),
(1140, 5, '-7.451635175384581', '112.70070366561413'),
(1141, 5, '-7.451583710499108', '112.70067684352398'),
(1142, 5, '-7.451537316665053', '112.70067508332431'),
(1143, 5, '-7.45145944878459', '112.70068388432264'),
(1144, 5, '-7.451380868442357', '112.70069838501513'),
(1145, 5, '-7.451316453516483', '112.70071246661246'),
(1146, 5, '-7.4512595403939486', '112.70071146078408'),
(1147, 5, '-7.451200825162232', '112.70070282742381'),
(1148, 5, '-7.451141900382936', '112.7006811182946'),
(1149, 5, '-7.4510890524834394', '112.70069100894034'),
(1150, 5, '-7.451032768003643', '112.7006946131587');
INSERT INTO `gps` (`IDGPS`, `ID_PENGGUNA`, `LATITUDE`, `LONGTITUDE`) VALUES
(1151, 5, '-7.450972585938871', '112.7006946131587'),
(1152, 5, '-7.451019482687116', '112.7006863988936'),
(1153, 5, '-7.451054393313825', '112.70073224790394'),
(1154, 5, '-7.451118431054056', '112.70071598701179'),
(1155, 5, '-7.451164447702467', '112.70071774721146'),
(1156, 5, '-7.451212224550545', '112.70070416852832'),
(1157, 5, '-7.451259288936853', '112.70066586323082'),
(1158, 5, '-7.451233514584601', '112.7007186692208'),
(1159, 5, '-7.451253421604633', '112.70076502114534'),
(1160, 5, '-7.451298851519823', '112.70074616186321'),
(1161, 5, '-7.451347466558218', '112.70075647160411'),
(1162, 5, '-7.451295414939523', '112.70075932145119'),
(1163, 5, '-7.451246548444033', '112.70075278356671'),
(1164, 5, '-7.4511994840577245', '112.70075370557606'),
(1165, 5, '-7.451228317804635', '112.70079016685486'),
(1166, 5, '-7.451192610897124', '112.70081925205886'),
(1167, 5, '-7.451168596744537', '112.7008584793657'),
(1168, 5, '-7.451213062740862', '112.70088111050427'),
(1169, 5, '-7.451258827932179', '112.70087817683816'),
(1170, 5, '-7.451320309191942', '112.70087784156203'),
(1171, 5, '-7.451388034969568', '112.70089217461646'),
(1172, 5, '-7.451325841248035', '112.70090189762414'),
(1173, 5, '-7.451285608112812', '112.70088077522814'),
(1174, 5, '-7.451233305037022', '112.700867196545'),
(1175, 5, '-7.451182301156223', '112.70088396035135'),
(1176, 5, '-7.451137290336192', '112.70089401863515'),
(1177, 5, '-7.451183223165572', '112.70089033059776'),
(1178, 5, '-7.45122563559562', '112.7009158115834'),
(1179, 5, '-7.451182594522834', '112.70094648934901'),
(1180, 5, '-7.451238543726504', '112.70094431005418'),
(1181, 5, '-7.451271819882095', '112.70090080797672'),
(1182, 5, '-7.4512854823842645', '112.70085722208023'),
(1183, 5, '-7.451227647252381', '112.70084691233933'),
(1184, 5, '-7.451187623664737', '112.7008190844208'),
(1185, 5, '-7.45122856926173', '112.7008518576622'),
(1186, 5, '-7.451177146285772', '112.70085604861379'),
(1187, 5, '-7.4511797446757555', '112.70080827176571'),
(1188, 5, '-7.451248182915151', '112.7008003089577'),
(1189, 5, '-7.451299354434013', '112.70078840665519'),
(1190, 5, '-7.4513546749949455', '112.70077181048691'),
(1191, 5, '-7.451387238688767', '112.7007381990552'),
(1192, 5, '-7.45133388787508', '112.70079184323549'),
(1193, 5, '-7.451287871226668', '112.7007982134819'),
(1194, 5, '-7.451286530122161', '112.70075186155736'),
(1195, 5, '-7.451294199563563', '112.7007030788809'),
(1196, 5, '-7.451328355818987', '112.7006708085537'),
(1197, 5, '-7.451294031925499', '112.70070215687156'),
(1198, 5, '-7.451351070776582', '112.700713891536'),
(1199, 5, '-7.451398931443691', '112.7007186692208'),
(1200, 5, '-7.451449600048363', '112.70072998479009'),
(1201, 5, '-7.451513260602951', '112.70069687627256'),
(1202, 5, '-7.451577424071729', '112.7006581518799'),
(1203, 5, '-7.4516218062490225', '112.70062236115336'),
(1204, 5, '-7.451577801257372', '112.70058522932231'),
(1205, 5, '-7.451525665819645', '112.70056159235537'),
(1206, 5, '-7.451469297520816', '112.70055362954736'),
(1207, 5, '-7.451425208710134', '112.70056930370629'),
(1208, 5, '-7.45089165866375', '112.70063283853233'),
(1209, 5, '-7.450843462720513', '112.70062143914402'),
(1210, 5, '-7.450790321454406', '112.70050836727023'),
(1211, 5, '-7.449582824483514', '112.70048196427524'),
(1212, 5, '-7.449706750921905', '112.70048682577908'),
(1213, 5, '-7.449796940200031', '112.70049646496773'),
(1214, 5, '-7.449878705665469', '112.70050040446222'),
(1215, 5, '-7.450062311254442', '112.70053619518876'),
(1216, 5, '-7.450132048688829', '112.70054063759744'),
(1217, 5, '-7.4501983076334', '112.70054189488292'),
(1218, 5, '-7.450301153585315', '112.70055522210896'),
(1219, 5, '-7.4503536662086844', '112.70057081244886'),
(1220, 5, '-7.450426127761602', '112.70058154128492'),
(1221, 5, '-7.450480819679797', '112.70059419795871'),
(1222, 5, '-7.4505727691575885', '112.70060350187123'),
(1223, 5, '-7.450635675340891', '112.70063300617039'),
(1224, 5, '-7.450709477998316', '112.70067416131496'),
(1225, 5, '-7.450778712518513', '112.70069251768291'),
(1226, 5, '-7.450830009765923', '112.70069394260645'),
(1227, 5, '-7.450902722775936', '112.70070794038475'),
(1228, 5, '-7.450956241227686', '112.70072646439075'),
(1229, 5, '-7.450993834063411', '112.70076150074601'),
(1230, 5, '-7.450989307835698', '112.70081321708858'),
(1231, 5, '-7.4510475201532245', '112.7008032426238'),
(1232, 5, '-7.451078952290118', '112.70083962008357'),
(1233, 5, '-7.451123837381601', '112.70083392038941'),
(1234, 5, '-7.451165663078427', '112.70081363618374'),
(1235, 5, '-7.451216205954552', '112.70078170113266'),
(1236, 5, '-7.451270772144198', '112.70076820626855'),
(1237, 5, '-7.4513234524056315', '112.70075429230928'),
(1238, 5, '-7.451386274769902', '112.70074465312064'),
(1239, 5, '-7.451340886764228', '112.70074716769159'),
(1240, 5, '-7.4512763461098075', '112.70076250657439'),
(1241, 5, '-7.451209961436689', '112.70077113993466'),
(1242, 5, '-7.451151539571583', '112.70077239722013'),
(1243, 5, '-7.4511031759902835', '112.70079075358808'),
(1244, 5, '-7.451058751903474', '112.70081028342247'),
(1245, 5, '-7.451014285907149', '112.70084456540644'),
(1246, 5, '-7.451023757457733', '112.70089787431061'),
(1247, 5, '-7.4509924510493875', '112.70093190483749'),
(1248, 5, '-7.4510734202340245', '112.70093400031328'),
(1249, 5, '-7.451118011958897', '112.70091271027923'),
(1250, 5, '-7.451216583140194', '112.70087926648557'),
(1251, 5, '-7.4512854823842645', '112.70086811855435'),
(1252, 5, '-7.451345329172909', '112.70085294730961'),
(1253, 5, '-7.451382419094443', '112.70082310773432'),
(1254, 5, '-7.451341557316482', '112.70086342468858'),
(1255, 5, '-7.451327936723828', '112.70091497339308'),
(1256, 5, '-7.451356058008969', '112.700967611745'),
(1257, 5, '-7.451411043293774', '112.70098261535168'),
(1258, 5, '-7.451375420205295', '112.7009396161884'),
(1259, 5, '-7.451391010545194', '112.70087993703783'),
(1260, 5, '-7.451343443244696', '112.70086367614567'),
(1261, 5, '-7.451330996118486', '112.70081925205886'),
(1262, 5, '-7.4513287749141455', '112.700758818537'),
(1263, 5, '-7.451346712186933', '112.70071322098374'),
(1264, 5, '-7.451394866220653', '112.70072218962014'),
(1265, 5, '-7.451419006101787', '112.70076896063983'),
(1266, 5, '-7.451389627531171', '112.7007239498198'),
(1267, 5, '-7.451396584510803', '112.70076996646821'),
(1268, 5, '-7.451447797939181', '112.70078689791262'),
(1269, 5, '-7.45150638744235', '112.70077709108591'),
(1270, 5, '-7.451508147642016', '112.70072143524885'),
(1271, 5, '-7.451462130993605', '112.7006792742759'),
(1272, 5, '-7.451404337771237', '112.70069343969226'),
(1273, 5, '-7.4513622187078', '112.70071556791663'),
(1274, 5, '-7.451308532617986', '112.70073836669326'),
(1275, 5, '-7.451252080500126', '112.70076904445887'),
(1276, 5, '-7.451220941729844', '112.70080299116671'),
(1277, 5, '-7.4511826783418655', '112.70084649324417'),
(1278, 5, '-7.451135530136526', '112.70086552016437'),
(1279, 5, '-7.451191479340196', '112.7008589822799'),
(1280, 5, '-7.451146217063069', '112.70085613243282'),
(1281, 5, '-7.451099907048047', '112.70082931034267'),
(1282, 5, '-7.451037461869419', '112.70078681409359'),
(1283, 5, '-7.450984362512827', '112.70076074637473'),
(1284, 5, '-7.451053597033024', '112.70072512328625'),
(1285, 5, '-7.451137416064739', '112.70073442719877'),
(1286, 5, '-7.451195921748877', '112.7007381990552'),
(1287, 5, '-7.4512416031211615', '112.7007255423814'),
(1288, 5, '-7.451231544837356', '112.7007760014385'),
(1289, 5, '-7.4512728257104754', '112.7008106186986'),
(1290, 5, '-7.451317543163896', '112.7007998060435'),
(1291, 5, '-7.4513706006109715', '112.7008003089577'),
(1292, 5, '-7.451301156543195', '112.70078388042748'),
(1293, 5, '-7.451248518191278', '112.70076292566955'),
(1294, 5, '-7.45128280017525', '112.70080240443349'),
(1295, 5, '-7.451233766041696', '112.70081690512598'),
(1296, 5, '-7.45118678547442', '112.7008296456188'),
(1297, 5, '-7.451245835982263', '112.70082788541913'),
(1298, 5, '-7.451292858459055', '112.70083894953132'),
(1299, 5, '-7.451347885653377', '112.7008447330445'),
(1300, 5, '-7.4513932736590505', '112.70082143135369'),
(1301, 5, '-7.451340341940522', '112.7008101157844'),
(1302, 5, '-7.451301785185933', '112.70086065866053'),
(1303, 5, '-7.451249691657722', '112.70088865421712'),
(1304, 5, '-7.451324835419655', '112.70086158066988'),
(1305, 5, '-7.451379066333175', '112.70084540359676'),
(1306, 5, '-7.451439625583589', '112.700838111341'),
(1307, 5, '-7.451393650844693', '112.70083920098841'),
(1308, 5, '-7.451338875107467', '112.70082662813365'),
(1309, 5, '-7.451370642520487', '112.70078346133232'),
(1310, 5, '-7.451318548992276', '112.70078740082681'),
(1311, 5, '-7.451383341103792', '112.70078932866454'),
(1312, 5, '-7.4514197604730725', '112.70073560066521'),
(1313, 5, '-7.45135513599962', '112.70077818073332'),
(1314, 5, '-7.451307317242026', '112.7007464133203'),
(1315, 5, '-7.451352872885764', '112.70073861815035'),
(1316, 5, '-7.451401278376579', '112.70071330480278'),
(1317, 5, '-7.451353291980922', '112.70073920488358'),
(1318, 5, '-7.451344155706465', '112.70078555680811'),
(1319, 5, '-7.451313771307468', '112.7008399553597'),
(1320, 5, '-7.451281878165901', '112.70088613964617'),
(1321, 5, '-7.451251242309809', '112.70094581879675'),
(1322, 5, '-7.451318968087435', '112.70104397088289'),
(1323, 5, '-7.45138053316623', '112.70105495117605'),
(1324, 5, '-7.451434512622654', '112.70103617571294'),
(1325, 5, '-7.451502741314471', '112.70101689733565'),
(1326, 5, '-7.451576208695769', '112.70098102279007'),
(1327, 5, '-7.45167373213917', '112.70094757899642'),
(1328, 5, '-7.451785756275058', '112.70090935751796'),
(1329, 5, '-7.451857756823301', '112.70088907331228'),
(1330, 5, '-7.451915508136153', '112.70087222568691'),
(1331, 5, '-7.4519940465688705', '112.70086845383048'),
(1332, 5, '-7.452082810923457', '112.7008775062859'),
(1333, 5, '-7.4521333537995815', '112.70088689401746'),
(1334, 5, '-7.452211598865688', '112.70085755735636'),
(1335, 5, '-7.452272451482713', '112.70083232782781'),
(1336, 5, '-7.453000210225582', '112.70097750239074'),
(1337, 5, '-7.452948745340109', '112.70096828229725'),
(1338, 5, '-7.45286819525063', '112.70099233835936'),
(1339, 5, '-7.452786513604224', '112.70103273913264'),
(1340, 5, '-7.452700766734779', '112.70104983821511'),
(1341, 5, '-7.452644021250308', '112.70103374496102'),
(1342, 5, '-7.452478939667344', '112.70102846436203'),
(1343, 5, '-7.452338081784546', '112.70101832225919'),
(1344, 5, '-7.452259375713766', '112.7009916678071'),
(1345, 5, '-7.4522102158516645', '112.70098546519876'),
(1346, 5, '-7.452223962172866', '112.70093240775168'),
(1347, 5, '-7.452191063202918', '112.70088882185519'),
(1348, 5, '-7.452180627733469', '112.70080550573766'),
(1349, 5, '-7.452206066809595', '112.70067600533366'),
(1350, 5, '-7.452326598577201', '112.70066971890628'),
(1351, 5, '-7.452379697933793', '112.7006615884602'),
(1352, 5, '-7.452445956878364', '112.70065345801413'),
(1353, 5, '-7.452420936897397', '112.7006086986512'),
(1354, 5, '-7.452327227219939', '112.70059889182448'),
(1355, 5, '-7.452291687950492', '112.70063845440745'),
(1356, 5, '-7.452236576937139', '112.7006311621517'),
(1357, 5, '-7.452266835607588', '112.70059595815837'),
(1358, 5, '-7.4523548455908895', '112.7005841396749'),
(1359, 5, '-7.452421272173524', '112.70057927817106'),
(1360, 5, '-7.452490548603237', '112.7005804516375'),
(1361, 5, '-7.452541594393551', '112.70060467533767'),
(1362, 5, '-7.452502325177193', '112.70064239390194'),
(1363, 5, '-7.452591927722096', '112.70062470808625'),
(1364, 5, '-7.452653702348471', '112.70059361122549'),
(1365, 5, '-7.451231251470745', '112.70042354241014'),
(1366, 5, '-7.45118657592684', '112.70038641057909'),
(1367, 5, '-7.451224336400628', '112.69991056993604'),
(1368, 5, '-7.451279195956886', '112.69989640451968'),
(1369, 5, '-7.451337492093444', '112.69989045336843'),
(1370, 5, '-7.4513932736590505', '112.69988978281617'),
(1371, 5, '-7.451472734101117', '112.69989724271'),
(1372, 5, '-7.451531952247024', '112.699950132519'),
(1373, 5, '-7.45158773381263', '112.69995817914605'),
(1374, 5, '-7.451706798747182', '112.69998089410365'),
(1375, 5, '-7.451809267513454', '112.7000074647367'),
(1376, 5, '-7.451829006895423', '112.70006203092635'),
(1377, 5, '-7.451814254745841', '112.70013118162751'),
(1378, 5, '-7.45177632663399', '112.7001837361604'),
(1379, 5, '-7.4517675675451756', '112.70024701952934'),
(1380, 5, '-7.451726119033992', '112.70031658932567'),
(1381, 5, '-7.451703529804945', '112.70035757683218'),
(1382, 5, '-7.45167737826705', '112.70040376111865'),
(1383, 5, '-7.451678216457367', '112.70046662539244'),
(1384, 5, '-7.451716857030988', '112.70049889571965'),
(1385, 5, '-7.4517617002129555', '112.7005101274699'),
(1386, 5, '-7.4517213832587', '112.70046612247825'),
(1387, 5, '-7.4517013086006045', '112.70041926763952'),
(1388, 5, '-7.451668744906783', '112.70036621019244'),
(1389, 5, '-7.451648376882076', '112.70031063817441'),
(1390, 5, '-7.451576376333833', '112.70030275918543'),
(1391, 5, '-7.451501023024321', '112.70026923157275'),
(1392, 5, '-7.451445367187262', '112.7002286631614'),
(1393, 5, '-7.451352998614311', '112.70020737312734'),
(1394, 5, '-7.451308197341859', '112.70018172450364'),
(1395, 5, '-7.45124495588243', '112.70018884912133'),
(1396, 5, '-7.4512021243572235', '112.70020443946123'),
(1397, 5, '-7.451231963932514', '112.70024492405355'),
(1398, 5, '-7.451256983913481', '112.70035967230797'),
(1399, 5, '-7.451240848749876', '112.7004221174866'),
(1400, 5, '-7.451179367490113', '112.7004406414926'),
(1401, 5, '-7.451124298386276', '112.70042614080012'),
(1402, 5, '-7.4512055', '112.7007393'),
(1403, 5, '-7.45084258262068', '112.70052404142916'),
(1404, 5, '-7.45092757511884', '112.70055287517607'),
(1405, 5, '-7.451087585650384', '112.70063241943717'),
(1406, 5, '-7.451156862080097', '112.70069151185453'),
(1407, 5, '-7.451297636143863', '112.70046461373568'),
(1408, 5, '-7.4516530288383365', '112.69991777837276'),
(1409, 5, '-7.451768447645009', '112.69968342036009'),
(1410, 5, '-7.451900294981897', '112.69985307008028'),
(1411, 5, '-7.451799754053354', '112.69987067207694'),
(1412, 5, '-7.451202', '112.7007397'),
(1413, 5, '-7.451765304431319', '112.7011090144515'),
(1414, 5, '-7.4512021243572235', '112.70080701448023'),
(1415, 5, '-7.451519756577909', '112.70088739693165'),
(1416, 5, '-7.451693010516465', '112.70085613243282'),
(1417, 5, '-7.451784121803939', '112.7008362673223'),
(1418, 5, '-7.451856164261699', '112.70081338472664'),
(1419, 5, '-7.451805495657027', '112.70079712383449'),
(1420, 5, '-7.4518950982019305', '112.70079083740711'),
(1421, 5, '-7.45195884257555', '112.70077809691429'),
(1422, 5, '-7.452000584453344', '112.70079880021513'),
(1423, 5, '-7.452083607204258', '112.7007723134011'),
(1424, 5, '-7.452137335203588', '112.70073006860912'),
(1425, 5, '-7.452160301618278', '112.70067751407623'),
(1426, 5, '-7.452195463702083', '112.70064658485353'),
(1427, 5, '-7.4522429052740335', '112.70062437281013'),
(1428, 5, '-7.452285108156502', '112.70056729204953'),
(1429, 5, '-7.452314025722444', '112.70052446052432'),
(1430, 5, '-7.452251957729459', '112.70055119879544'),
(1431, 5, '-7.452147100120783', '112.70051767118275'),
(1432, 5, '-7.4520847806707025', '112.70050040446222'),
(1433, 5, '-7.452095509506762', '112.70055530592799'),
(1434, 5, '-7.452057120390236', '112.70059092901647'),
(1435, 5, '-7.451974139548838', '112.70064566284418'),
(1436, 5, '-7.451954106800258', '112.70058615133166'),
(1437, 5, '-7.4519389774650335', '112.70052630454302'),
(1438, 5, '-7.451893547549844', '112.70052052102983'),
(1439, 5, '-7.451842208392918', '112.70052219741046'),
(1440, 5, '-7.451768321916461', '112.70052144303918'),
(1441, 5, '-7.451718323864043', '112.70050819963217'),
(1442, 5, '-7.4516686191782355', '112.70051004365087'),
(1443, 5, '-7.4515897035598755', '112.70050258375704'),
(1444, 5, '-7.4515378614887595', '112.70049939863384'),
(1445, 5, '-7.451605964452028', '112.70047836005688'),
(1446, 5, '-7.4516126699745655', '112.70054474473'),
(1447, 5, '-7.451596828177571', '112.70059713162482'),
(1448, 5, '-7.45161849539727', '112.70064256154001'),
(1449, 5, '-7.4516645120456815', '112.70067801699042'),
(1450, 5, '-7.45164196472615', '112.70073032006621'),
(1451, 5, '-7.451664051041007', '112.70067600533366'),
(1452, 5, '-7.451702146790922', '112.70065044052899'),
(1453, 5, '-7.4517614068463445', '112.70067013800144'),
(1454, 5, '-7.4517272505909204', '112.70071087405086'),
(1455, 5, '-7.451680940575898', '112.7007553819567'),
(1456, 5, '-7.4516379833221436', '112.70078647881746'),
(1457, 5, '-7.451494107954204', '112.70085780881345'),
(1458, 5, '-7.451437949202955', '112.70087582990527'),
(1459, 5, '-7.451387196779251', '112.70088597200811'),
(1460, 5, '-7.451503579504788', '112.70146407186985'),
(1461, 5, '-7.4514509830623865', '112.70140145905316'),
(1462, 5, '-7.451435560360551', '112.70135234110057'),
(1463, 5, '-7.4514045054093', '112.70131370052695'),
(1464, 5, '-7.451389795169234', '112.70125896669924'),
(1465, 5, '-7.4511857', '112.7007378'),
(1466, 5, '-7.451510117389262', '112.70088396035135'),
(1467, 5, '-7.451353752985597', '112.70090030506253'),
(1468, 5, '-7.451562797650695', '112.70083752460778'),
(1469, 5, '-7.451628134585917', '112.70089100115001'),
(1470, 5, '-7.451773937791586', '112.70088295452297'),
(1471, 5, '-7.4516889452934265', '112.70082931034267'),
(1472, 5, '-7.4516123766079545', '112.70074574276805'),
(1473, 5, '-7.4518373887985945', '112.70076376385987'),
(1474, 5, '-7.451859978027642', '112.7006047591567'),
(1475, 5, '-7.451718952506781', '112.70081858150661'),
(1476, 5, '-7.4517210479825735', '112.7006097882986'),
(1477, 5, '-7.451643389649689', '112.7006063517183'),
(1478, 5, '-7.4515614146366715', '112.70044164732099'),
(1479, 5, '-7.45154645293951', '112.7005408052355'),
(1480, 5, '-7.451600558124483', '112.70065756514668'),
(1481, 5, '-7.451733034104109', '112.70076141692698'),
(1482, 5, '-7.451480613090098', '112.70064549520612'),
(1483, 5, '-7.451416617259383', '112.70056553184986'),
(1484, 5, '-7.451627422124147', '112.70033997483552'),
(1485, 5, '-7.4517849599942565', '112.70048934035003'),
(1486, 5, '-7.451547249220312', '112.7005270589143'),
(1487, 5, '-7.451463136821985', '112.70050400868058'),
(1488, 5, '-7.45122613850981', '112.70076074637473'),
(1489, 5, '-7.451427513733506', '112.70079678855836'),
(1490, 5, '-7.4514787690714', '112.70079175941646'),
(1491, 5, '-7.451228611171246', '112.70065404474735'),
(1492, 5, '-7.451359620317817', '112.70028934814036'),
(1493, 5, '-7.4514027033001184', '112.70051029510796'),
(1494, 5, '-7.451358111575246', '112.70056871697307'),
(1495, 5, '-7.451437069103122', '112.70052077248693'),
(1496, 5, '-7.451497837901115', '112.70048498176038'),
(1497, 5, '-7.451612208969891', '112.70044164732099'),
(1498, 5, '-7.451589284464717', '112.70052764564753'),
(1499, 5, '-7.451424454338849', '112.70075580105186'),
(1500, 5, '-7.4513104185462', '112.70071900449693'),
(1501, 5, '-7.451163902878761', '112.70064733922482'),
(1502, 5, '-7.45102065615356', '112.70047877915204'),
(1503, 5, '-7.451142738573253', '112.70062445662916'),
(1504, 5, '-7.451430028304458', '112.7006840519607'),
(1505, 5, '-7.451444026082754', '112.70073384046555'),
(1506, 5, '-7.451383215375245', '112.70077130757272'),
(1507, 5, '-7.451524534262717', '112.70063770003617'),
(1508, 5, '-7.451739236712456', '112.70066569559276'),
(1509, 5, '-7.451611706055701', '112.70070928148925'),
(1510, 5, '-7.451496161520481', '112.70057860761881'),
(1511, 5, '-7.451435225084424', '112.70053376443684'),
(1512, 5, '-7.4516315292567015', '112.70053267478943'),
(1513, 5, '-7.451376216486096', '112.70046880468726'),
(1514, 5, '-7.451484929770231', '112.70064088515937'),
(1515, 5, '-7.45138396974653', '112.70073526538908'),
(1516, 5, '-7.451356058008969', '112.70054784603417'),
(1517, 5, '-7.4513985542580485', '112.70060149021447'),
(1518, 5, '-7.451146384701133', '112.70040317438543'),
(1519, 5, '-7.451119855977595', '112.7004480175674'),
(1520, 5, '-7.451057201251388', '112.70037735812366'),
(1521, 5, '-7.451122873462737', '112.70042655989528'),
(1522, 5, '-7.451200447976589', '112.70045245997608'),
(1523, 5, '-7.451041443273425', '112.70019295625389'),
(1524, 5, '-7.451466615311801', '112.70046729594469'),
(1525, 5, '-7.451833323575556', '112.70083039999008'),
(1526, 5, '-7.4517849599942565', '112.70085537806153'),
(1527, 5, '-7.451750049367547', '112.70080910995603'),
(1528, 5, '-7.451748833991587', '112.7007601596415'),
(1529, 5, '-7.451702021062374', '112.70079066976905'),
(1530, 5, '-7.45176459196955', '112.70075345411897'),
(1531, 5, '-7.451822175644338', '112.70070953294635'),
(1532, 5, '-7.451841915026307', '112.70064901560545'),
(1533, 5, '-7.451822846196592', '112.70058363676071'),
(1534, 5, '-7.451854320243001', '112.70053066313267'),
(1535, 5, '-7.451881603337824', '112.70049219019711'),
(1536, 5, '-7.451922758482397', '112.70045849494636'),
(1537, 5, '-7.451967978850007', '112.70042999647558'),
(1538, 5, '-7.451562881469727', '112.70077214576304'),
(1539, 0, '-7.48443478', '112.44231466'),
(1540, 0, '-7.48447065', '112.44236583'),
(1541, 0, '-7.48444928', '112.44248163'),
(1542, 5, '-7.48444928', '112.44248163'),
(1543, 0, '-7.4843234', '112.442492'),
(1544, 5, '-7.4843234', '112.442492'),
(1545, 0, '-7.48437763', '112.44246878'),
(1546, 5, '-7.48437763', '112.44246878'),
(1547, 0, '-7.48436337', '112.44242026'),
(1548, 5, '-7.48436337', '112.44242026'),
(1549, 5, '-7.4511997', '112.7007427'),
(1550, 5, '-7.4511997', '112.7007427'),
(1551, 5, '-7.4511468', '112.7007205'),
(1552, 5, '-7.4511262', '112.7007207'),
(1553, 5, '-7.4508877', '112.700669'),
(1554, 5, '-7.4509289', '112.7005578'),
(1555, 5, '-7.4512001', '112.7007417'),
(1556, 5, '-7.4509289', '112.7005578'),
(1557, 5, '-7.4511899', '112.7007329'),
(1558, 5, '-7.4511899', '112.7007329'),
(1559, 5, '-7.4511952', '112.7007804'),
(1560, 5, '-7.45123842', '112.70078516'),
(1561, 5, '-7.4511995', '112.7007421'),
(1562, 5, '-7.4509289', '112.7005578'),
(1563, 5, '-7.4512015', '112.700744'),
(1564, 5, '-7.45132996', '112.70079104'),
(1565, 5, '-7.4511991', '112.7007426'),
(1566, 5, '-7.45121674', '112.70070034'),
(1567, 5, '-7.4511995', '112.7007421'),
(1568, 5, '-7.4511965', '112.7007329'),
(1569, 5, '-7.4511931', '112.7007325'),
(1570, 5, '-7.45119939', '112.7006813'),
(1571, 5, '-7.4511753', '112.7007422'),
(1572, 5, '-7.4511753', '112.7007397'),
(1573, 5, '-7.4511738', '112.7007389'),
(1574, 5, '-7.45118798', '112.70068589'),
(1575, 5, '-7.4511729', '112.7007262'),
(1576, 5, '-7.4511706', '112.7007413'),
(1577, 5, '-7.4511112', '112.7008361'),
(1578, 5, '-7.4511718', '112.7007386'),
(1579, 5, '-7.4511751', '112.7007411'),
(1580, 5, '-7.45110861', '112.70088128'),
(1581, 5, '-7.4510865', '112.7007187'),
(1582, 5, '-7.4511611', '112.7007211'),
(1583, 5, '-7.4511784', '112.7007278'),
(1584, 5, '-7.45106172', '112.70082396'),
(1585, 5, '-7.45110496', '112.70080208'),
(1586, 5, '-7.4511694', '112.700737'),
(1587, 5, '-7.4511671', '112.7007341'),
(1588, 5, '-7.45114494', '112.7008071'),
(1589, 5, '-7.4511885', '112.7007301'),
(1590, 5, '-7.4511991', '112.7007426'),
(1591, 5, '-7.4511732', '112.7007396'),
(1592, 5, '-7.4511425', '112.70076764'),
(1593, 5, '-7.4512001', '112.7007425'),
(1594, 5, '-7.4512025', '112.7007437'),
(1595, 5, '-7.4512046', '112.7007328'),
(1596, 5, '-7.45122042', '112.70072927'),
(1597, 5, '-7.4511757', '112.7007427'),
(1598, 5, '-7.4512015', '112.7007507'),
(1599, 5, '-7.4511993', '112.7007426'),
(1600, 5, '37.421998333333335', '-122.08400000000002'),
(1601, 5, '37.4217638', '-122.0838878'),
(1602, 5, '37.421998333333335', '-122.08400000000002'),
(1603, 5, '37.4218199', '-122.0840424'),
(1604, 5, '37.4217638', '-122.0838878'),
(1605, 5, '-7.4511999', '112.7007426'),
(1606, 5, '-7.4511989', '112.7007425'),
(1607, 5, '-7.448355839587748', '112.69976112060249'),
(1608, 5, '-7.448564548976719', '112.69994862377644'),
(1609, 5, '-7.449403032660484', '112.70015431568027'),
(1610, 5, '-7.4495420884341', '112.7002284117043'),
(1611, 5, '-7.449714546091855', '112.70026177167892'),
(1612, 5, '-7.450375040061772', '112.70043435506523'),
(1613, 5, '-7.450719955377281', '112.70053703337908'),
(1614, 5, '-7.45093759149313', '112.7006256300956'),
(1615, 5, '-7.451012777164578', '112.70067600533366'),
(1616, 5, '-7.4510825565084815', '112.70071757957339'),
(1617, 5, '-7.4511355720460415', '112.7007363550365'),
(1618, 5, '-7.451144079677761', '112.70078144967556'),
(1619, 5, '-7.4512', '112.7007425'),
(1620, 5, '-7.4512', '112.7007424'),
(1621, 5, '-7.450959635898471', '112.7004097122699'),
(1622, 5, '-7.451223079115152', '112.70079393871129'),
(1623, 5, '-7.451268886215985', '112.70071447826922'),
(1624, 5, '-7.451243824325502', '112.70067650824785'),
(1625, 5, '-7.451197262853384', '112.70069385878742'),
(1626, 5, '-7.45117262005806', '112.70073920488358'),
(1627, 5, '-7.451132764108479', '112.70077851600945'),
(1628, 5, '-7.4511158326640725', '112.70082604140043'),
(1629, 5, '-7.45110715739429', '112.70087474025786'),
(1630, 5, '-7.45106000918895', '112.70087499171495'),
(1631, 5, '-7.451027655042708', '112.70091472193599'),
(1632, 5, '-7.451075306162238', '112.70088178105652'),
(1633, 5, '-7.451119562610984', '112.70090114325285'),
(1634, 5, '-7.451162268407643', '112.70093525759876'),
(1635, 5, '-7.451208368875086', '112.70090072415769'),
(1636, 5, '-7.451162938959897', '112.70089921541512'),
(1637, 5, '-7.451167129911482', '112.70084188319743'),
(1638, 5, '-7.451178152114153', '112.70079175941646'),
(1639, 5, '-7.451189300045371', '112.70084213465452'),
(1640, 5, '-7.451226767152548', '112.70087566226721'),
(1641, 5, '-7.451186869293451', '112.70089921541512'),
(1642, 5, '-7.451153467409313', '112.7008624188602'),
(1643, 5, '-7.451197011396289', '112.70083920098841'),
(1644, 5, '-7.451222073286772', '112.70079351961613'),
(1645, 5, '-7.4512577801942825', '112.70076267421246'),
(1646, 5, '-7.4512', '112.7007425'),
(1647, 5, '-7.451094794087112', '112.70071565173566'),
(1648, 5, '-7.451146803796291', '112.7007051743567'),
(1649, 5, '-7.451170482672751', '112.70065119490027'),
(1650, 5, '-7.451133099384606', '112.70060408860445'),
(1651, 5, '-7.451096931472421', '112.7005616761744'),
(1652, 5, '-7.451028870418668', '112.70052747800946'),
(1653, 5, '-7.450947565957904', '112.70048565231264'),
(1654, 5, '-7.450988511554897', '112.70043871365488'),
(1655, 5, '-7.4511993', '112.7007426'),
(1656, 5, '-7.450866512954235', '112.70064214244485'),
(1657, 5, '-7.450879882089794', '112.70073467865586'),
(1658, 5, '-7.4511999', '112.7007419'),
(1659, 5, '-7.449408145621419', '112.69993144087493'),
(1660, 5, '-7.449563294649124', '112.6998190395534'),
(1661, 5, '-7.4499772768467665', '112.69985684193671'),
(1662, 5, '-7.450261213816702', '112.69989087246358'),
(1663, 5, '-7.4504538718611', '112.69992180168629'),
(1664, 5, '-7.450571218505502', '112.69993806257844'),
(1665, 5, '-7.450665347278118', '112.6999725960195'),
(1666, 5, '-7.45072138030082', '112.70000503398478'),
(1667, 5, '-7.450775066390634', '112.70004300400615'),
(1668, 5, '-7.450845851562917', '112.70007921382785'),
(1669, 5, '-7.45090146549046', '112.70008851774037'),
(1670, 5, '-7.450949870981276', '112.70010243169963'),
(1671, 5, '-7.450999072752893', '112.70009689964354'),
(1672, 5, '-7.451037671416998', '112.70012514665723'),
(1673, 5, '-7.451083855703473', '112.70015087909997'),
(1674, 5, '-7.451059673912823', '112.70019815303385'),
(1675, 5, '-7.4510734202340245', '112.70028121769428'),
(1676, 5, '-7.451099529862404', '112.70037911832333'),
(1677, 5, '-7.451093327254057', '112.700465451926'),
(1678, 5, '-7.451068642549217', '112.70054122433066'),
(1679, 5, '-7.451061476022005', '112.7005859836936'),
(1680, 5, '-7.451066169887781', '112.70067181438208'),
(1681, 5, '-7.451073965057731', '112.7007205132395'),
(1682, 5, '-7.4510807963088155', '112.70077030174434'),
(1683, 5, '-7.451078491285443', '112.70085101947188'),
(1684, 5, '-7.4511747', '112.7007419'),
(1685, 5, '-7.451340216211975', '112.70029722712934'),
(1686, 5, '-7.45132215321064', '112.7003803756088'),
(1687, 5, '-7.451304006390274', '112.70044717937708'),
(1688, 5, '-7.451270604506135', '112.70048481412232'),
(1689, 5, '-7.451225593686104', '112.70052605308592'),
(1690, 5, '-7.451169602572918', '112.70054508000612'),
(1691, 5, '-7.451127232052386', '112.70056930370629'),
(1692, 5, '-7.451078868471086', '112.70059009082615'),
(1693, 5, '-7.451114323921502', '112.70062102004886'),
(1694, 5, '-7.451163399964571', '112.70063342526555'),
(1695, 5, '-7.451205812394619', '112.70065731368959'),
(1696, 5, '-7.451245249249041', '112.70069109275937'),
(1697, 5, '-7.451239968650043', '112.70062655210495'),
(1698, 5, '-7.451248811557889', '112.70068891346455'),
(1699, 5, '-7.4511989', '112.7007425'),
(1700, 5, '-7.4511995', '112.7007421'),
(1701, 5, '-7.4511999', '112.7007419'),
(1702, 5, '-7.4511989', '112.7007425'),
(1703, 5, '-7.451152168214321', '112.70049277693033'),
(1704, 5, '-7.451108624227345', '112.70052236504853'),
(1705, 5, '-7.451145169325173', '112.70030762068927'),
(1706, 5, '-7.4510946264490485', '112.70051758736372'),
(1707, 5, '-7.4511246755719185', '112.7005859836936'),
(1708, 5, '-7.451300569809973', '112.70057902671397'),
(1709, 5, '-7.451308323070407', '112.7003169246018'),
(1710, 5, '-7.4512365739792585', '112.70048984326422'),
(1711, 5, '-7.451231083832681', '112.70053870975971'),
(1712, 5, '-7.45120954234153', '112.70059076137841'),
(1713, 5, '-7.451163274236023', '112.70057642832398'),
(1714, 5, '-7.451193113811314', '112.70061305724084'),
(1715, 5, '-7.451245081610978', '112.70060945302248'),
(1716, 5, '-7.451193784363568', '112.70060744136572'),
(1717, 5, '-7.4512407230213284', '112.70059763453901'),
(1718, 5, '-7.4512949120253325', '112.7005960419774'),
(1719, 5, '-7.451294953934848', '112.70064247772098'),
(1720, 5, '-7.451340635307133', '112.70064239390194'),
(1721, 5, '-7.4512004', '112.7007413'),
(1722, 5, '-7.450926569290459', '112.70083735696971'),
(1723, 5, '-7.450878876261413', '112.70081833004951'),
(1724, 5, '-7.450828962028027', '112.70082361064851'),
(1725, 5, '-7.450902094133198', '112.70082386210561'),
(1726, 5, '-7.450949200429022', '112.70082863979042'),
(1727, 5, '-7.450890317559242', '112.70080584101379'),
(1728, 5, '-7.450845139101148', '112.70078639499843'),
(1729, 5, '-7.450785543769598', '112.70079678855836'),
(1730, 5, '-7.450737305916846', '112.70080869086087'),
(1731, 5, '-7.450777958147228', '112.7007757499814'),
(1732, 5, '-7.4508348712697625', '112.7007381990552'),
(1733, 5, '-7.450891742482781', '112.70071053877473'),
(1734, 5, '-7.450930718332529', '112.70068019628525'),
(1735, 5, '-7.450975519604981', '112.70066955126822'),
(1736, 5, '-7.451001293957233', '112.70062755793333'),
(1737, 5, '-7.451063571497798', '112.700624037534'),
(1738, 5, '-7.451112647540867', '112.70066318102181'),
(1739, 5, '-7.451160843484104', '112.70069536752999'),
(1740, 5, '-7.451225300319493', '112.70072797313333'),
(1741, 5, '-7.451278734952211', '112.70077189430594'),
(1742, 5, '-7.45133560616523', '112.70082335919142'),
(1743, 5, '-7.451353878714144', '112.70087608136237'),
(1744, 5, '-7.451346712186933', '112.7009448967874'),
(1745, 5, '-7.4513405514881015', '112.7010143827647'),
(1746, 5, '-7.451260755769908', '112.70109769888222'),
(1747, 5, '-7.451231209561229', '112.70117573440075'),
(1748, 5, '-7.451208829879761', '112.70125335082412'),
(1749, 5, '-7.451202836818993', '112.70131185650826'),
(1750, 5, '-7.451204219833016', '112.70136591978371'),
(1751, 5, '-7.451170943677425', '112.70132937468588'),
(1752, 5, '-7.451116042211652', '112.70134697668254'),
(1753, 5, '-7.451068097725511', '112.70134957507253'),
(1754, 5, '-7.451020739972591', '112.70136265084147'),
(1755, 5, '-7.450973424129188', '112.70137949846685'),
(1756, 5, '-7.4509971449151635', '112.70130699500442'),
(1757, 5, '-7.450993121601641', '112.7012229245156'),
(1758, 5, '-7.451006616465747', '112.70116835832596'),
(1759, 5, '-7.451025391928852', '112.70112569443882'),
(1760, 5, '-7.451014621183276', '112.70106903277338'),
(1761, 5, '-7.4511999', '112.7007419'),
(1762, 5, '-7.450944548472762', '112.69996211864054'),
(1763, 5, '-7.450978411361575', '112.70021726377308'),
(1764, 5, '-7.451037336140871', '112.70030971616507'),
(1765, 5, '-7.45096642524004', '112.7003721613437'),
(1766, 5, '-7.450896101072431', '112.70012891851366'),
(1767, 5, '-7.450941111892462', '112.69990897737443'),
(1768, 5, '-7.450992912054062', '112.69973295740783'),
(1769, 5, '-7.450963030569255', '112.69967797212303'),
(1770, 5, '-7.450938387773931', '112.69962390884757'),
(1771, 5, '-7.450888431631029', '112.6995705999434'),
(1772, 5, '-7.4508481146767735', '112.69953179173172'),
(1773, 5, '-7.450816850177944', '112.69948678091168'),
(1774, 5, '-7.4511256', '112.7007238'),
(1775, 5, '-7.450840654782951', '112.6994477212429'),
(1776, 5, '-7.450887802988291', '112.6994358189404'),
(1777, 5, '-7.4509167624637485', '112.69947881810367'),
(1778, 5, '-7.450928287580609', '112.69956607371569'),
(1779, 5, '-7.4509379686787724', '112.69962013699114'),
(1780, 5, '-7.4512007', '112.7007407'),
(1781, 5, '-7.450951966457069', '112.69967227242887'),
(1782, 5, '-7.450985200703144', '112.6997051294893'),
(1783, 5, '-7.451003096066415', '112.69974955357611'),
(1784, 5, '-7.45101114269346', '112.69979598931968'),
(1785, 5, '-7.451037126593292', '112.69985424354672'),
(1786, 5, '-7.451064409688115', '112.69990981556475'),
(1787, 5, '-7.451088298112154', '112.69996798597276'),
(1788, 5, '-7.451125010848045', '112.70000989548862'),
(1789, 5, '-7.451135111041367', '112.70007049664855'),
(1790, 5, '-7.451147558167577', '112.70016093738377'),
(1791, 5, '-7.451178948394954', '112.7002252265811'),
(1792, 5, '-7.451172578148544', '112.70028289407492'),
(1793, 5, '-7.451175302267075', '112.70034693181515'),
(1794, 5, '-7.4511771043762565', '112.70039982162416'),
(1795, 5, '-7.451174170710146', '112.70046662539244'),
(1796, 5, '-7.451170231215656', '112.70051666535437'),
(1797, 5, '-7.451181462965906', '112.70056611858308'),
(1798, 5, '-7.451190263964236', '112.70061221905053'),
(1799, 5, '-7.4511473486199975', '112.70062990486622'),
(1800, 5, '-7.451190599240363', '112.70060945302248'),
(1801, 5, '-7.451236783526838', '112.70061356015503'),
(1802, 5, '-7.451216289773583', '112.70056234672666'),
(1803, 5, '-7.451169770210981', '112.70056553184986'),
(1804, 5, '-7.451212769374251', '112.70052630454302'),
(1805, 5, '-7.451250152662396', '112.7004926931113'),
(1806, 5, '-7.4512745859101415', '112.70044441334903'),
(1807, 5, '-7.44974463712424', '112.7000590134412'),
(1808, 5, '-7.450455883517861', '112.69996329210699'),
(1809, 5, '-7.450565476901829', '112.6999207958579'),
(1810, 5, '-7.45068890042603', '112.69991199485958'),
(1811, 5, '-7.450735168531537', '112.69988408312201'),
(1812, 5, '-7.450778963975608', '112.6998451910913'),
(1813, 5, '-7.4511214', '112.7008043'),
(1814, 5, '-7.450812114402652', '112.69987989217043'),
(1815, 5, '-7.4508510902523994', '112.69992087967694'),
(1816, 5, '-7.450899495743215', '112.69994979724288'),
(1817, 5, '-7.450972585938871', '112.69995122216642'),
(1818, 5, '-7.451021326705813', '112.69997058436275'),
(1819, 5, '-7.450996013358235', '112.70001140423119'),
(1820, 5, '-7.4512001', '112.7007417'),
(1821, 5, '-7.451075264252722', '112.70006068982184'),
(1822, 5, '-7.451025978662074', '112.70011408254504'),
(1823, 5, '-7.450895137153566', '112.6999456062913'),
(1824, 5, '-7.4508572509512305', '112.69989657215774'),
(1825, 5, '-7.450838517397642', '112.69984401762486'),
(1826, 5, '-7.450817143544555', '112.69989321939647'),
(1827, 5, '-7.450752686709166', '112.69990721717477'),
(1828, 5, '-7.450810018926859', '112.69995683804154'),
(1829, 5, '-7.450812826864421', '112.70003512501717'),
(1830, 5, '-7.450857083313167', '112.70005867816508'),
(1831, 5, '-7.450922168791294', '112.7000658866018'),
(1832, 5, '-7.450966760516167', '112.7000746037811'),
(1833, 5, '-7.4511989', '112.7007424'),
(1834, 5, '-7.450874769128859', '112.7006018254906'),
(1835, 5, '-7.450993163511157', '112.70059252157807'),
(1836, 5, '-7.451024511829019', '112.7006272226572'),
(1837, 5, '-7.450974136590958', '112.70063468255103'),
(1838, 5, '-7.4509267788380384', '112.70061783492565'),
(1839, 5, '-7.450977321714163', '112.70060836337507'),
(1840, 5, '-7.451033354736865', '112.70061573944986'),
(1841, 5, '-7.451089890673757', '112.70064348354936'),
(1842, 5, '-7.451129453256726', '112.70067106001079'),
(1843, 5, '-7.451162897050381', '112.70062990486622'),
(1844, 5, '-7.451186240650713', '112.70067432895303'),
(1845, 5, '-7.451226599514484', '112.70070123486221'),
(1846, 5, '-7.45119244325906', '112.70073652267456'),
(1847, 5, '-7.451155101880431', '112.70070567727089'),
(1848, 5, '-7.451112479902804', '112.70073375664651'),
(1849, 5, '-7.4511467618867755', '112.70070031285286'),
(1850, 5, '-7.45114600751549', '112.70065488293767'),
(1851, 5, '-7.451112270355225', '112.70062336698174'),
(1852, 5, '-7.4510831432417035', '112.70066435448825'),
(1853, 5, '-7.451092447154224', '112.70061280578375'),
(1854, 5, '-7.451081047765911', '112.70067114382982'),
(1855, 5, '-7.451099655590951', '112.70072277635336'),
(1856, 5, '-7.4511993', '112.7007426'),
(1857, 5, '-7.451080838218331', '112.70067851990461'),
(1858, 5, '-7.451149947009981', '112.70062965340912'),
(1859, 5, '-7.451106235384941', '112.7006169129163'),
(1860, 5, '-7.451065164059401', '112.70058740861714'),
(1861, 5, '-7.4511989', '112.7007424'),
(1862, 5, '-7.451069145463407', '112.70049696788192'),
(1863, 5, '-7.4511993', '112.7007426'),
(1864, 5, '-7.451070821844041', '112.70069880411029'),
(1865, 5, '-7.451117341406643', '112.70071615464985'),
(1866, 5, '-7.451152754947543', '112.70067550241947'),
(1867, 5, '-7.451169393025339', '112.70059067755938'),
(1868, 5, '-7.451126603409648', '112.70056067034602'),
(1869, 5, '-7.450779466889799', '112.70067290402949'),
(1870, 5, '-7.450844761915505', '112.70072847604752'),
(1871, 5, '-7.450880385003984', '112.70076108165085'),
(1872, 5, '-7.450932771898806', '112.70077776163816'),
(1873, 5, '-7.4511925', '112.7007339'),
(1874, 5, '-7.45106587652117', '112.70057022571564'),
(1875, 5, '-7.451108708046377', '112.70060425624251'),
(1876, 5, '-7.451149025000632', '112.70062663592398'),
(1877, 5, '-7.451174', '112.7007375'),
(1878, 5, '-7.451296630315483', '112.70072344690561'),
(1879, 5, '-7.451104600913823', '112.7005960419774'),
(1880, 5, '-7.451161430217326', '112.7006018254906'),
(1881, 5, '-7.451144373044372', '112.70064859651029'),
(1882, 5, '-7.451147306710482', '112.70069411024451'),
(1883, 5, '-7.451192359440029', '112.70070559345186'),
(1884, 5, '-7.451161849312484', '112.70074431784451'),
(1885, 5, '-7.451201998628676', '112.70071850158274'),
(1886, 5, '-7.4511989', '112.7007425'),
(1887, 5, '-7.451287326402962', '112.70057441666722'),
(1888, 5, '-7.4511541379615664', '112.70070877857506'),
(1889, 5, '-7.451109923422337', '112.70069779828191'),
(1890, 5, '-7.4511848', '112.7007402'),
(1891, 5, '-7.451240220107138', '112.70060970447958'),
(1892, 5, '-7.451240220107138', '112.70060970447958'),
(1893, 5, '-7.451223582029343', '112.70065605640411'),
(1894, 5, '-7.451223582029343', '112.70065605640411'),
(1895, 5, '-7.4511997', '112.7007427'),
(1896, 5, '-7.450889437459409', '112.70061867311597'),
(1897, 5, '-7.450889437459409', '112.70061867311597'),
(1898, 5, '-7.450889437459409', '112.70061867311597'),
(1899, 5, '-7.450899411924183', '112.70070249214768'),
(1900, 5, '-7.450899411924183', '112.70070249214768'),
(1901, 5, '-7.450899411924183', '112.70070249214768'),
(1902, 5, '-7.450953768566251', '112.70071841776371'),
(1903, 5, '-7.450953768566251', '112.70071841776371'),
(1904, 5, '-7.450953768566251', '112.70071841776371'),
(1905, 5, '-7.4510045209899545', '112.70070794038475'),
(1906, 5, '-7.4510045209899545', '112.70070794038475'),
(1907, 5, '-7.4510045209899545', '112.70070794038475'),
(1908, 5, '-7.4510495737195015', '112.70070249214768'),
(1909, 5, '-7.4510495737195015', '112.70070249214768'),
(1910, 5, '-7.4510495737195015', '112.70070249214768'),
(1911, 5, '-7.451065625064075', '112.70070634782314'),
(1912, 5, '-7.4511798', '112.7007298'),
(1913, 5, '-7.451098775491118', '112.7007088623941'),
(1914, 5, '-7.451098775491118', '112.7007088623941'),
(1915, 5, '-7.451098775491118', '112.7007088623941'),
(1916, 5, '-7.451107744127512', '112.70068891346455'),
(1917, 5, '-7.451101248152554', '112.70066066645086'),
(1918, 5, '-7.451101248152554', '112.70066066645086'),
(1919, 5, '-7.451101248152554', '112.70066066645086'),
(1920, 5, '-7.4510966800153255', '112.70070584490895'),
(1921, 5, '-7.4510966800153255', '112.70070584490895'),
(1922, 5, '-7.4510966800153255', '112.70070584490895'),
(1923, 5, '-7.45112769305706', '112.70073526538908'),
(1924, 5, '-7.451136661693454', '112.7007432281971'),
(1925, 5, '-7.451136661693454', '112.7007432281971'),
(1926, 5, '-7.451136661693454', '112.7007432281971'),
(1927, 5, '-7.451179116033018', '112.70061699673533'),
(1928, 5, '-7.451179116033018', '112.70061699673533'),
(1929, 5, '-7.451179116033018', '112.70061699673533'),
(1930, 5, '-7.451179116033018', '112.70061699673533'),
(1931, 5, '-7.451186617836356', '112.70067860372365'),
(1932, 5, '-7.451186617836356', '112.70067860372365'),
(1933, 5, '-7.451186617836356', '112.70067860372365'),
(1934, 5, '-7.451186617836356', '112.70067860372365'),
(1935, 5, '-7.451208997517824', '112.70072663202882'),
(1936, 5, '-7.451208997517824', '112.70072663202882'),
(1937, 5, '-7.451208997517824', '112.70072663202882'),
(1938, 5, '-7.451208997517824', '112.70072663202882'),
(1939, 5, '-7.451259666122496', '112.70073744468391'),
(1940, 5, '-7.451259666122496', '112.70073744468391'),
(1941, 5, '-7.451259666122496', '112.70073744468391'),
(1942, 5, '-7.451259666122496', '112.70073744468391'),
(1943, 5, '-7.4511999', '112.7007426'),
(1944, 5, '-7.451163902878761', '112.70070525817573'),
(1945, 5, '-7.451493479311466', '112.70075219683349'),
(1946, 5, '-7.451537442393601', '112.70079838111997'),
(1947, 5, '-7.45157528668642', '112.70084858871996'),
(1948, 5, '-7.451408067718148', '112.70086552016437'),
(1949, 5, '-7.451331499032676', '112.70084238611162'),
(1950, 5, '-7.451260923407972', '112.70082143135369'),
(1951, 5, '-7.451215200126171', '112.70079628564417'),
(1952, 5, '-7.451174254529178', '112.70075957290828'),
(1953, 5, '-7.451131003908813', '112.70074339583516'),
(1954, 5, '-7.451079790480435', '112.70075529813766'),
(1955, 5, '-7.4510372104123235', '112.7007347624749'),
(1956, 5, '-7.451079245656729', '112.70070157013834'),
(1957, 5, '-7.451044544577599', '112.70067064091563'),
(1958, 5, '-7.450984991155565', '112.70064088515937'),
(1959, 5, '-7.450949242338538', '112.70060878247023'),
(1960, 5, '-7.4509877152740955', '112.70063350908458'),
(1961, 5, '-7.450933861546218', '112.70062269642949'),
(1962, 5, '-7.450973046943545', '112.70066150464118'),
(1963, 5, '-7.450939519330859', '112.70069377496839'),
(1964, 5, '-7.45100456289947', '112.70071347244084'),
(1965, 5, '-7.451072372496128', '112.70072646439075'),
(1966, 5, '-7.451130333356559', '112.70075772888958'),
(1967, 5, '-7.451173542067409', '112.70078337751329'),
(1968, 5, '-7.451220313087106', '112.70080416463315'),
(1969, 5, '-7.451277687214315', '112.70082402974367'),
(1970, 5, '-7.45132165029645', '112.70085303112864'),
(1971, 5, '-7.451299731619656', '112.70080500282347'),
(1972, 5, '-7.451244704425335', '112.70074549131095'),
(1973, 5, '-7.45119608938694', '112.70070232450962'),
(1974, 5, '-7.451149486005306', '112.70069897174835'),
(1975, 5, '-7.451198059134185', '112.70071087405086'),
(1976, 5, '-7.4512516194954515', '112.70073685795069'),
(1977, 5, '-7.451258576475084', '112.70068832673132'),
(1978, 5, '-7.451219726353884', '112.70065211690962'),
(1979, 5, '-7.451173583976924', '112.70062076859176'),
(1980, 5, '-7.4512089136987925', '112.70065069198608'),
(1981, 5, '-7.451176308095455', '112.700687488541'),
(1982, 5, '-7.451155688613653', '112.70073417574167'),
(1983, 5, '-7.451151036657393', '112.70078916102648'),
(1984, 5, '-7.451133183203638', '112.70083744078875'),
(1985, 5, '-7.451161849312484', '112.70078966394067'),
(1986, 5, '-7.451230329461396', '112.70074423402548'),
(1987, 5, '-7.451226809062064', '112.70079033449292'),
(1988, 5, '-7.451184983365238', '112.70085076801479'),
(1989, 5, '-7.451174547895789', '112.70090910606086'),
(1990, 5, '-7.451113108545542', '112.70096970722079'),
(1991, 5, '-7.451131213456392', '112.70090566948056'),
(1992, 5, '-7.4511584546417', '112.70086660981178'),
(1993, 5, '-7.451246632263064', '112.70077658817172'),
(1994, 5, '-7.451280243694782', '112.7007379475981'),
(1995, 5, '-7.451317375525832', '112.7006811182946'),
(1996, 5, '-7.451375629752874', '112.70060467533767'),
(1997, 5, '-7.4514259630814195', '112.70052630454302'),
(1998, 5, '-7.451474410481751', '112.7004512026906'),
(1999, 5, '-7.451520678587258', '112.70038372837007'),
(2000, 5, '-7.451568748801947', '112.70033863373101'),
(2001, 5, '-7.451620004139841', '112.70028079859912'),
(2002, 5, '-7.451658938080072', '112.7002247236669'),
(2003, 5, '-7.452068896964192', '112.6996517367661'),
(2004, 5, '-7.452113279141486', '112.69960664212704'),
(2005, 5, '-7.451888686046004', '112.69986664876342'),
(2006, 5, '-7.4517723033204675', '112.69988969899714'),
(2007, 5, '-7.451719329692423', '112.69989447668195'),
(2008, 5, '-7.451707050204277', '112.69994443282485'),
(2009, 5, '-7.451747786253691', '112.6999730989337'),
(2010, 5, '-7.451775320805609', '112.70001903176308'),
(2011, 5, '-7.451813793741167', '112.7000661380589'),
(2012, 5, '-7.451886800117791', '112.70010469481349'),
(2013, 5, '-7.451949748210609', '112.70015113055706'),
(2014, 5, '-7.452017473988235', '112.70021533593535'),
(2015, 5, '-7.45206730440259', '112.70026428624988'),
(2016, 5, '-7.452113823965192', '112.70029203034937'),
(2017, 5, '-7.452227105386555', '112.70034081302583'),
(2018, 5, '-7.452266667969525', '112.70030803978443'),
(2019, 5, '-7.452377602458', '112.70029672421515'),
(2020, 5, '-7.452476676553488', '112.70026428624988'),
(2021, 5, '-7.452505552209914', '112.70020494237542'),
(2022, 5, '-7.4525498086586595', '112.70018490962684'),
(2023, 5, '-7.452632579952478', '112.7000991627574'),
(2024, 5, '-7.452678764238954', '112.70005406811833'),
(2025, 5, '-7.452728385105729', '112.70006529986858'),
(2026, 5, '-7.452749046497047', '112.70012707449496'),
(2027, 5, '-7.4526646407321095', '112.70013436675072'),
(2028, 5, '-7.4526178278028965', '112.70013956353068'),
(2029, 5, '-7.4526284309104085', '112.70018440671265'),
(2030, 5, '-7.452581115067005', '112.70019304007292'),
(2031, 5, '-7.4525071028620005', '112.70019547082484'),
(2032, 5, '-7.452432713471353', '112.70021055825055'),
(2033, 5, '-7.452355558052659', '112.70022606477141'),
(2034, 5, '-7.452299734577537', '112.70024257712066'),
(2035, 5, '-7.452254137024283', '112.70027476362884'),
(2036, 5, '-7.45219437405467', '112.70031449384987'),
(2037, 5, '-7.452149949967861', '112.7003251388669'),
(2038, 5, '-7.452090019360185', '112.70032312721014'),
(2039, 5, '-7.452042745426297', '112.70032547414303'),
(2040, 5, '-7.451992915011942', '112.70034274086356'),
(2041, 5, '-7.451950502581894', '112.70036268979311'),
(2042, 5, '-7.451924099586904', '112.70040049217641'),
(2043, 5, '-7.451877077110112', '112.7004216145724'),
(2044, 5, '-7.451824019663036', '112.70043293014169'),
(2045, 5, '-7.451802268624306', '112.70047852769494'),
(2046, 5, '-7.4517643405124545', '112.70051213912666'),
(2047, 5, '-7.4517513904720545', '112.70056293345988'),
(2048, 5, '-7.451709397137165', '112.70059034228325'),
(2049, 5, '-7.4511972', '112.7007427'),
(2050, 5, '-7.4511973', '112.7007428'),
(2051, 5, '-7.4511966', '112.7007431'),
(2052, 5, '-7.4511969', '112.7007432'),
(2053, 5, '-7.4511975', '112.7007413'),
(2054, 5, '-7.4511989', '112.7007425'),
(2055, 5, '-7.4511256', '112.7007238'),
(2056, 5, '-7.4511256', '112.7007238'),
(2057, 5, '-7.4511256', '112.7007238'),
(2058, 5, '-7.4511256', '112.7007238'),
(2059, 5, '-7.4511256', '112.7007238'),
(2060, 5, '-7.4511256', '112.7007238'),
(2061, 5, '-7.4511729', '112.7007397'),
(2062, 5, '-7.4511729', '112.7007397'),
(2063, 5, '-7.4511729', '112.7007397'),
(2064, 5, '-7.4511729', '112.7007397'),
(2065, 5, '-7.4511729', '112.7007397'),
(2066, 5, '-7.4511729', '112.7007397'),
(2067, 5, '-7.4511753', '112.7007404'),
(2068, 7, '-7.4511764', '112.7007403'),
(2069, 7, '-7.4511755', '112.7007425'),
(2070, 7, '-7.4511689', '112.700735'),
(2071, 7, '-7.4511991', '112.7007426'),
(2072, 7, '-7.4511984', '112.7007416'),
(2073, 7, '-7.4512019', '112.7007412'),
(2074, 5, '-7.451197', '112.7007427'),
(2075, 5, '-7.4512007', '112.7007403'),
(2076, 5, '-7.4511957', '112.7007438'),
(2077, 5, '-7.4511975', '112.7007413'),
(2078, 5, '-7.455127', '112.7026425'),
(2079, 5, '-7.4551245', '112.7026431'),
(2080, 5, '-7.4551155', '112.7026451'),
(2081, 5, '-7.455247859470546', '112.70260996185243'),
(2082, 5, '-7.455247859470546', '112.70260996185243'),
(2083, 5, '-7.455247859470546', '112.70260996185243'),
(2084, 5, '-7.455197819508612', '112.70262764766812'),
(2085, 5, '-7.455197819508612', '112.70262764766812'),
(2086, 5, '-7.455197819508612', '112.70262764766812'),
(2087, 5, '-7.455142540857196', '112.70264985971153'),
(2088, 5, '-7.455142540857196', '112.70264985971153'),
(2089, 5, '-7.455142540857196', '112.70264985971153'),
(2090, 5, '-7.4552133260294795', '112.70266771316528'),
(2091, 5, '-7.4552133260294795', '112.70266771316528'),
(2092, 5, '-7.4552133260294795', '112.70266771316528'),
(2093, 5, '-7.455256409011781', '112.70273719914258'),
(2094, 5, '-7.455256409011781', '112.70273719914258'),
(2095, 5, '-7.455256409011781', '112.70273719914258'),
(2096, 5, '-7.455218271352351', '112.70271146669984'),
(2097, 5, '-7.455218271352351', '112.70271146669984'),
(2098, 5, '-7.455218271352351', '112.70271146669984'),
(2099, 5, '-7.4552663415670395', '112.70265882834792'),
(2100, 5, '-7.4552663415670395', '112.70265882834792'),
(2101, 5, '-7.4552663415670395', '112.70265882834792'),
(2102, 5, '-7.455306365154684', '112.70272479392588'),
(2103, 5, '-7.455306365154684', '112.70272479392588'),
(2104, 5, '-7.455306365154684', '112.70272479392588'),
(2105, 5, '-7.455290355719626', '112.70268213003874'),
(2106, 5, '-7.455290355719626', '112.70268213003874'),
(2107, 5, '-7.455290355719626', '112.70268213003874'),
(2108, 5, '-7.4552424950525165', '112.70266947336495'),
(2109, 5, '-7.4552424950525165', '112.70266947336495'),
(2110, 5, '-7.4552424950525165', '112.70266947336495'),
(2111, 5, '-7.455202010460198', '112.70264868624508'),
(2112, 5, '-7.455202010460198', '112.70264868624508'),
(2113, 5, '-7.455202010460198', '112.70264868624508'),
(2114, 5, '-7.4553320137783885', '112.70268648862839'),
(2115, 5, '-7.4553320137783885', '112.70268648862839'),
(2116, 5, '-7.4553320137783885', '112.70268648862839'),
(2117, 5, '-7.455268437042832', '112.70271087996662'),
(2118, 5, '-7.455268437042832', '112.70271087996662'),
(2119, 5, '-7.455268437042832', '112.70271087996662'),
(2120, 5, '-7.4552474822849035', '112.70261214114726'),
(2121, 5, '-7.4552474822849035', '112.70261214114726'),
(2122, 5, '-7.4552474822849035', '112.70261214114726'),
(2123, 5, '-7.4552321434021', '112.70266159437597'),
(2124, 5, '-7.4552321434021', '112.70266159437597'),
(2125, 5, '-7.4552321434021', '112.70266159437597'),
(2126, 5, '-7.455184324644506', '112.70265631377697'),
(2127, 5, '-7.455184324644506', '112.70265631377697'),
(2128, 5, '-7.455184324644506', '112.70265631377697'),
(2129, 5, '-7.455164040438831', '112.70261532627046');
INSERT INTO `gps` (`IDGPS`, `ID_PENGGUNA`, `LATITUDE`, `LONGTITUDE`) VALUES
(2130, 5, '-7.455164040438831', '112.70261532627046'),
(2131, 5, '-7.455164040438831', '112.70261532627046'),
(2132, 5, '-7.455118400976062', '112.7026135660708'),
(2133, 5, '-7.455118400976062', '112.7026135660708'),
(2134, 5, '-7.455118400976062', '112.7026135660708'),
(2135, 5, '-7.455157712101936', '112.70263988524675'),
(2136, 5, '-7.455157712101936', '112.70263988524675'),
(2137, 5, '-7.455157712101936', '112.70263988524675'),
(2138, 5, '-7.455304311588407', '112.70271699875593'),
(2139, 5, '-7.455304311588407', '112.70271699875593'),
(2140, 5, '-7.455304311588407', '112.70271699875593'),
(2141, 5, '-7.455263659358025', '112.70268623717129'),
(2142, 5, '-7.455263659358025', '112.70268623717129'),
(2143, 5, '-7.455263659358025', '112.70268623717129'),
(2144, 5, '-7.455209428444505', '112.702672239393'),
(2145, 5, '-7.455209428444505', '112.702672239393'),
(2146, 5, '-7.455209428444505', '112.702672239393'),
(2147, 5, '-7.455161735415459', '112.70266788080335'),
(2148, 5, '-7.455161735415459', '112.70266788080335'),
(2149, 5, '-7.455161735415459', '112.70266788080335'),
(2150, 0, '-7.4551222', '112.7026423'),
(2151, 0, '-7.455094261094928', '112.70248683169484'),
(2152, 0, '-7.4551267', '112.7026427'),
(2153, 0, '-7.455131518654525', '112.70259202457964'),
(2154, 0, '-7.455140487290919', '112.70254584029317'),
(2155, 0, '-7.455101804807782', '112.70257098600268'),
(2156, 0, '-7.455066978000104', '112.70261038094759'),
(2157, 0, '-7.455119281075895', '112.70260895602405'),
(2158, 0, '-7.455164333805442', '112.70263167098165'),
(2159, 0, '-7.455172715708613', '112.70258624106646'),
(2160, 0, '-7.455172883346677', '112.70263745449483'),
(2161, 0, '-7.455148743465543', '112.7025958802551'),
(2162, 0, '-7.4551296', '112.7026412'),
(2163, 0, '-7.455200040712953', '112.70272068679333'),
(2164, 0, '-7.455290690995753', '112.70274801179767'),
(2165, 0, '-7.455231514759362', '112.70275513641536'),
(2166, 0, '-7.455251337960362', '112.70270995795727'),
(2167, 0, '-7.4551336', '112.7026323'),
(2168, 0, '-7.455301587469876', '112.70262320525944'),
(2169, 0, '-7.455278160050511', '112.70261666737497'),
(2170, 0, '-7.455199579708278', '112.7026289049536'),
(2171, 0, '-7.455199579708278', '112.7026289049536'),
(2172, 0, '-7.455259091220796', '112.70261599682271'),
(2173, 0, '-7.455259091220796', '112.70261599682271'),
(2174, 0, '-7.4551800498738885', '112.70260568708181'),
(2175, 0, '-7.4551800498738885', '112.70260568708181'),
(2176, 0, '-7.4551317', '112.7026425'),
(2177, 5, '-7.455158508382738', '112.70261264406145'),
(2178, 5, '-7.4551308', '112.702639'),
(2179, 5, '-7.455208338797092', '112.70262798294425'),
(2180, 0, '-7.455222085118294', '112.70265069790184'),
(2181, 0, '-7.455222085118294', '112.70265069790184'),
(2182, 0, '-7.4552908167243', '112.70264776423573'),
(2183, 0, '-7.4552908167243', '112.70264776423573'),
(2184, 5, '-7.4552908167243', '112.70264776423573'),
(2185, 0, '-7.45529203210026', '112.70269520580769'),
(2186, 0, '-7.45529203210026', '112.70269520580769'),
(2187, 5, '-7.45529203210026', '112.70269520580769'),
(2188, 0, '-7.4551361', '112.7026374'),
(2189, 0, '-7.455178541131318', '112.70268791355193'),
(2190, 5, '-7.4786748', '112.4393907'),
(2191, 5, '-7.4777261', '112.4393907'),
(2192, 5, '-7.47773405', '112.439912'),
(2193, 5, '-7.47772068', '112.43982292'),
(2194, 5, '-7.47780915', '112.4398383'),
(2195, 5, '-7.47774798', '112.43978716'),
(2196, 5, '-7.47769778', '112.43973824'),
(2197, 5, '-7.47763202', '112.43970651'),
(2198, 5, '-7.47759619', '112.43966203'),
(2199, 5, '-7.4786748', '112.4393907'),
(2200, 5, '-7.4786748', '112.4393907'),
(2201, 5, '-7.47757626', '112.43964546'),
(2202, 5, '-7.4754532', '112.4405083'),
(2203, 5, '-7.4786748', '112.4393907'),
(2204, 5, '-7.4511904', '112.7007424'),
(2205, 5, '-7.451195', '112.7007428'),
(2206, 5, '-7.451196', '112.7007433'),
(2207, 5, '-7.451095297001302', '112.70041415467858'),
(2208, 5, '-7.451405972242355', '112.70097071304917'),
(2209, 5, '-7.451426717452705', '112.7010899875313'),
(2210, 5, '-7.451460873708129', '112.70113449543715'),
(2211, 5, '-7.451488911174238', '112.70117171108723'),
(2212, 5, '-7.451512799598277', '112.7012131176889'),
(2213, 5, '-7.451534676365554', '112.70126106217504'),
(2214, 5, '-7.451572730205953', '112.70133247599006'),
(2215, 5, '-7.451598085463047', '112.70137421786785'),
(2216, 5, '-7.451626709662378', '112.70141595974565'),
(2217, 5, '-7.451657680794597', '112.70147605799139'),
(2218, 5, '-7.451676037162542', '112.7015239186585'),
(2219, 5, '-7.451691166497767', '112.70157152786851'),
(2220, 5, '-7.451718156225979', '112.70161821506917'),
(2221, 5, '-7.451739571988583', '112.70167621783912'),
(2222, 0, '-7.4511981', '112.7007399'),
(2223, 0, '-7.4511976', '112.7007402'),
(2224, 5, '-7.4511978', '112.70074'),
(2225, 5, '-7.4512002', '112.7007404'),
(2226, 5, '-7.4511983', '112.7007401'),
(2227, 0, '-7.4511741', '112.7007397'),
(2228, 5, '-7.4511739', '112.7007404'),
(2229, 0, '-7.45113985', '112.70075145'),
(2230, 5, '-7.45113985', '112.70075145'),
(2231, 5, '-7.45113985', '112.70075145'),
(2232, 0, '-7.45113985', '112.70075145'),
(2233, 5, '-7.45113985', '112.70075145'),
(2234, 5, '-7.45113985', '112.70075145'),
(2235, 5, '-7.45111877', '112.70070448'),
(2236, 5, '-7.45111877', '112.70070448'),
(2237, 0, '-7.45111877', '112.70070448'),
(2238, 5, '-7.45111877', '112.70070448'),
(2239, 0, '-7.45111877', '112.70070448'),
(2240, 5, '-7.45111877', '112.70070448'),
(2241, 0, '-7.4511989', '112.7007424'),
(2242, 5, '-7.4511997', '112.7007427'),
(2243, 5, '-7.4470974', '112.7007447'),
(2244, 0, '-7.4470974', '112.7007447'),
(2245, 0, '-7.4493737', '112.7010169'),
(2246, 5, '-7.4493737', '112.7010169'),
(2247, 0, '-7.4511992', '112.7007423'),
(2248, 5, '-7.4511992', '112.7007423'),
(2249, 5, '-7.4511031', '112.7007232'),
(2250, 5, '-7.4512004', '112.7007413'),
(2251, 5, '-7.4511965', '112.7007424'),
(2252, 5, '-7.4454558', '112.6941697'),
(2253, 5, '-7.4532427', '112.6984851'),
(2254, 5, '-7.4543069', '112.6997563'),
(2255, 5, '-7.453292151913047', '112.69844147376716'),
(2256, 5, '-7.453278908506036', '112.69849578849971'),
(2257, 5, '-7.453239555470645', '112.69854448735714'),
(2258, 5, '-7.453174134716392', '112.69856519065797'),
(2259, 5, '-7.453126315958798', '112.69851271994412'),
(2260, 5, '-7.453062194399536', '112.69846896640956'),
(2261, 5, '-7.4530218774452806', '112.69843292422593'),
(2262, 5, '-7.452973388135433', '112.69840937107801'),
(2263, 5, '-7.452928209677339', '112.69841750152409'),
(2264, 5, '-7.452982231043279', '112.6984185911715'),
(2265, 5, '-7.4532541', '112.6984738'),
(2266, 5, '-7.4529930436983705', '112.69847625866532'),
(2267, 5, '-7.4511925', '112.7007417'),
(2268, 0, '-7.4511925', '112.7007412'),
(2269, 5, '-7.4511995', '112.7007427'),
(2270, 5, '-7.45120119', '112.70061569'),
(2271, 5, '-7.451192', '112.7007356'),
(2272, 5, '-7.4511681', '112.7009059'),
(2273, 5, '-7.4511989', '112.7007424'),
(2274, 5, '-7.4511989', '112.7007424'),
(2275, 5, '-7.4511999', '112.7007426'),
(2276, 5, '-7.4511997', '112.7007427'),
(2277, 5, '-7.4511989', '112.7007425'),
(2278, 5, '-7.4511383', '112.7007164'),
(2279, 5, '-7.4511993', '112.7007426'),
(2280, 5, '-7.4511965', '112.7007962'),
(2281, 5, '-7.4512009', '112.7007398'),
(2282, 5, '-7.451139008626342', '112.70091321319342'),
(2283, 5, '-7.451241100206971', '112.70042094402015'),
(2284, 5, '-7.4512027', '112.700736'),
(2285, 5, '-7.450268003158271', '112.7005603350699'),
(2286, 5, '-7.450268003158271', '112.7005603350699'),
(2287, 5, '-7.450627000071108', '112.70058263093233'),
(2288, 5, '-7.450627000071108', '112.70058263093233'),
(2289, 5, '-7.450816514901817', '112.70055740140378'),
(2290, 5, '-7.450816514901817', '112.70055740140378'),
(2291, 5, '-7.4934529', '112.7367731'),
(2292, 5, '-7.4934434', '112.73656785'),
(2293, 5, '-7.4934466', '112.7367242'),
(2294, 5, '-7.49332801', '112.736466'),
(2295, 0, '-7.4998021', '112.7017018'),
(2296, 5, '-7.4934713', '112.7368258'),
(2297, 5, '-7.49346465', '112.73679584'),
(2298, 5, '-7.49371632', '112.73677766'),
(2299, 5, '-7.49378735', '112.73650025'),
(2300, 5, '-7.49374001', '112.73665887'),
(2301, 5, '-7.49362781', '112.73670819'),
(2302, 5, '-7.49354372', '112.73664579'),
(2303, 5, '-7.49339401', '112.73676965'),
(2304, 5, '-7.4934774', '112.7368352'),
(2305, 5, '-7.49349049', '112.7367419'),
(2306, 5, '-7.49345566', '112.73674724'),
(2307, 5, '-7.4934774', '112.7368352'),
(2308, 5, '-7.49345374', '112.73673466'),
(2309, 5, '-7.49330824', '112.73666756'),
(2310, 5, '-7.4934831', '112.7368395'),
(2311, 5, '-7.4934831', '112.7368395'),
(2312, 5, '-7.49344369', '112.73671248'),
(2313, 5, '-7.4934658', '112.7368043'),
(2314, 5, '-7.49326443', '112.7367265'),
(2315, 5, '-7.49338203', '112.73669832'),
(2316, 5, '-7.4935085', '112.73663789'),
(2317, 5, '-7.49353992', '112.73659749'),
(2318, 5, '-7.493467', '112.7368189'),
(2319, 5, '-7.49355311', '112.73661383'),
(2320, 5, '-7.4934716', '112.7368274'),
(2321, 5, '-7.49337549', '112.73638023'),
(2322, 5, '-7.4934716', '112.7368274'),
(2323, 5, '-7.49343162', '112.73641504'),
(2324, 5, '-7.49347475', '112.73644882'),
(2325, 5, '-7.49345957', '112.73649592'),
(2326, 5, '-7.49342128', '112.73653714'),
(2327, 5, '-7.49336875', '112.73651847'),
(2328, 5, '-7.49331913', '112.73651052'),
(2329, 5, '-7.49336016', '112.73656679'),
(2330, 5, '-7.49345712', '112.73667182'),
(2331, 5, '-7.49347094', '112.73674646'),
(2332, 5, '-7.49348969', '112.73667545'),
(2333, 5, '-7.493473', '112.7368233'),
(2334, 5, '-7.49346894', '112.73664911'),
(2335, 5, '-7.493473', '112.7368233'),
(2336, 5, '-7.49346242', '112.73665004'),
(2337, 5, '-7.493473', '112.7368233'),
(2338, 5, '-7.49346217', '112.73665367'),
(2339, 5, '-7.49346186', '112.73665657'),
(2340, 5, '-7.493471', '112.736824'),
(2341, 5, '-7.49346173', '112.73665692'),
(2342, 5, '-7.4934701', '112.7368063'),
(2343, 5, '-7.49346549', '112.73665657'),
(2344, 5, '-7.49347545', '112.73665923'),
(2345, 5, '-7.4934656', '112.7368095'),
(2346, 5, '-7.49350004', '112.7366752'),
(2347, 5, '-7.49350788', '112.73665686'),
(2348, 5, '-7.4934743', '112.7368302'),
(2349, 5, '-7.4934654', '112.7368051'),
(2350, 5, '-7.49350857', '112.73665219'),
(2351, 5, '-7.4934596', '112.7367912'),
(2352, 5, '-7.49350889', '112.73665282'),
(2353, 5, '-7.49350891', '112.73665307'),
(2354, 5, '-7.4934596', '112.7367912'),
(2355, 5, '-7.49350885', '112.73665315'),
(2356, 5, '-7.49350884', '112.73665316'),
(2357, 5, '-7.4934632', '112.7367896'),
(2358, 5, '-7.49350491', '112.73666093'),
(2359, 5, '-7.49350334', '112.73666455'),
(2360, 5, '-7.4934632', '112.7367896'),
(2361, 5, '-7.49350457', '112.73666258'),
(2362, 5, '-7.4934657', '112.7368062'),
(2363, 5, '-7.49351922', '112.73664948'),
(2364, 5, '-7.4551144', '112.7026508'),
(2365, 5, '-7.4551129', '112.7026432'),
(2366, 5, '-7.455285452306271', '112.7026854828'),
(2367, 5, '-7.455285452306271', '112.7026854828'),
(2368, 5, '-7.455327319912612', '112.70281347446144'),
(2369, 5, '-7.455327319912612', '112.70281347446144'),
(2370, 5, '-7.455327319912612', '112.70281347446144'),
(2371, 5, '-7.455316255800426', '112.70266662351787'),
(2372, 5, '-7.455316255800426', '112.70266662351787'),
(2373, 5, '-7.455316255800426', '112.70266662351787'),
(2374, 3, '-7.455316255800426', '112.70266662351787'),
(2375, 5, '-7.4551297', '112.7026496'),
(2376, 3, '-7.4551297', '112.7026496'),
(2377, 5, '-7.455287128686905', '112.70262848585844'),
(2378, 5, '-7.455287128686905', '112.70262848585844'),
(2379, 5, '-7.455287128686905', '112.70262848585844'),
(2380, 3, '-7.455287128686905', '112.70262848585844'),
(2381, 5, '-7.455283105373383', '112.70262722857296'),
(2382, 5, '-7.455125', '112.7026394'),
(2383, 5, '-7.455315752886236', '112.70265966653824'),
(2384, 5, '-7.455320404842496', '112.70266201347113'),
(2385, 5, '-7.455320404842496', '112.70266201347113'),
(2386, 5, '-7.455320404842496', '112.70266201347113'),
(2387, 3, '-7.455320404842496', '112.70266201347113'),
(2388, 5, '-7.4934658', '112.7368073'),
(2389, 5, '-7.49358295', '112.73666558'),
(2390, 5, '-7.49357213', '112.73665543'),
(2391, 5, '-7.4934658', '112.7368043'),
(2392, 5, '-7.49354958', '112.73668637'),
(2393, 5, '-7.4935463', '112.73668191'),
(2394, 5, '-7.4934658', '112.7368043'),
(2395, 5, '-7.49354102', '112.73667516'),
(2396, 5, '-7.49353128', '112.73667104'),
(2397, 5, '-7.493465', '112.736804'),
(2398, 5, '-7.49353122', '112.73667132'),
(2399, 5, '-7.4934885', '112.7368502'),
(2400, 5, '-7.49355159', '112.73659658'),
(2401, 5, '-7.493465', '112.7368036'),
(2402, 5, '-7.4934656', '112.7368095'),
(2403, 5, '-7.49352528', '112.73661826'),
(2404, 5, '-7.49352681', '112.73661606'),
(2405, 5, '-7.4934652', '112.7368107'),
(2406, 5, '-7.49353179', '112.73661121'),
(2407, 5, '-7.49354003', '112.73662058'),
(2408, 5, '-7.4934652', '112.7368107'),
(2409, 5, '-7.49353593', '112.73663519'),
(2410, 5, '-7.4934643', '112.7368177'),
(2411, 5, '-7.49352807', '112.73664205'),
(2412, 5, '-7.4934652', '112.7368107'),
(2413, 5, '-7.49353228', '112.73664788'),
(2414, 5, '-7.4934654', '112.7368102'),
(2415, 5, '-7.49353095', '112.73665122'),
(2416, 5, '-7.4934695', '112.7368252'),
(2417, 5, '-7.49352843', '112.73665586'),
(2418, 5, '-7.4934695', '112.7368252'),
(2419, 5, '-7.49352838', '112.73665572'),
(2420, 5, '-7.49352845', '112.7366561'),
(2421, 5, '-7.493465', '112.7368181'),
(2422, 5, '-7.4935288', '112.73666265'),
(2423, 5, '-7.4935288', '112.73666263'),
(2424, 5, '-7.493465', '112.7368181'),
(2425, 5, '-7.4934772', '112.7368332'),
(2426, 5, '-7.49352668', '112.73667229'),
(2427, 5, '-7.49352668', '112.73667229'),
(2428, 5, '-7.4934713', '112.7368258'),
(2429, 5, '-7.4935255', '112.73666967'),
(2430, 5, '-7.4934865', '112.7368423'),
(2431, 5, '-7.4934657', '112.7368062'),
(2432, 5, '-7.49352076', '112.73665711'),
(2433, 5, '-7.4934657', '112.7368062'),
(2434, 5, '-7.49352015', '112.73665584'),
(2435, 5, '-7.49352042', '112.73665598'),
(2436, 5, '-7.493473', '112.7368233'),
(2437, 5, '-7.49352164', '112.7366569'),
(2438, 5, '-7.49352163', '112.73665687'),
(2439, 5, '-7.4934667', '112.7368214'),
(2440, 5, '-7.49352163', '112.73665688'),
(2441, 5, '-7.49356975', '112.73668155'),
(2442, 5, '-7.49364767', '112.73665962'),
(2443, 5, '-7.49363854', '112.73653215'),
(2444, 5, '-7.49358542', '112.73652609'),
(2445, 5, '-7.49347846', '112.73658412'),
(2446, 5, '-7.4933825', '112.73661149'),
(2447, 5, '-7.49334649', '112.73663961'),
(2448, 5, '-7.4934654', '112.7368102'),
(2449, 5, '-7.4933808', '112.73664647'),
(2450, 5, '-7.49340927', '112.73662323'),
(2451, 5, '-7.4551385', '112.7026367'),
(2452, 5, '-7.455311142839491', '112.70269319415092'),
(2453, 5, '-7.455226401798427', '112.70270710811019'),
(2454, 5, '-7.455226401798427', '112.70270710811019'),
(2455, 5, '-7.455226401798427', '112.70270710811019'),
(2456, 3, '-7.455226401798427', '112.70270710811019'),
(2457, 5, '-7.455226401798427', '112.70270710811019'),
(2458, 5, '-7.4934654', '112.7368102'),
(2459, 5, '-7.49345522', '112.73660161'),
(2460, 5, '-7.455294672399759', '112.70265690051019'),
(2461, 5, '-7.455294672399759', '112.70265690051019'),
(2462, 3, '-7.455294672399759', '112.70265690051019'),
(2463, 5, '-7.455294672399759', '112.70265690051019'),
(2464, 5, '-7.455294672399759', '112.70265690051019'),
(2465, 5, '-7.49348554', '112.73659215'),
(2466, 5, '-7.4934678', '112.7368226'),
(2467, 5, '-7.49349867', '112.73658832'),
(2468, 5, '-7.4553003301844', '112.70264256745577'),
(2469, 5, '-7.4934656', '112.7368095'),
(2470, 5, '-7.49351115', '112.73658376'),
(2471, 5, '-7.493465', '112.7368191'),
(2472, 5, '-7.49352553', '112.736583'),
(2473, 5, '-7.49352951', '112.73658203'),
(2474, 5, '-7.493465', '112.7368191'),
(2475, 5, '-7.49354088', '112.73657814'),
(2476, 5, '-7.49354516', '112.73657959'),
(2477, 5, '-7.4934597', '112.7367894'),
(2478, 5, '-7.49354414', '112.73657598'),
(2479, 5, '-7.49354203', '112.73657256'),
(2480, 5, '-7.4934596', '112.7367912'),
(2481, 5, '-7.455314621329308', '112.70270258188248'),
(2482, 5, '-7.455314621329308', '112.70270258188248'),
(2483, 5, '-7.455314621329308', '112.70270258188248'),
(2484, 3, '-7.455314621329308', '112.70270258188248'),
(2485, 5, '-7.455314621329308', '112.70270258188248'),
(2486, 5, '-7.455314621329308', '112.70270258188248'),
(2487, 5, '-7.4934654', '112.7368102'),
(2488, 5, '-7.4934658', '112.7368043'),
(2489, 5, '-7.49353264', '112.736584'),
(2490, 5, '-7.4551215', '112.7026484'),
(2491, 5, '-7.455224054865539', '112.70264139398932'),
(2492, 5, '-7.455264246091247', '112.70275371149182'),
(2493, 5, '-7.455275100655854', '112.70270870067179'),
(2494, 5, '-7.455240609124303', '112.7026786096394'),
(2495, 5, '-7.455288763158023', '112.70271431654692'),
(2496, 5, '-7.45526269543916', '112.70267165265977'),
(2497, 0, '-7.455265335738659', '112.70266042090952'),
(2498, 0, '-7.4551235', '112.7026429'),
(2499, 0, '-7.4551135', '112.7026458'),
(2500, 0, '-7.45535971596837', '112.70257123745978'),
(2501, 0, '-7.455269400961697', '112.70261230878532'),
(2502, 5, '-7.455256199464202', '112.70260920748115'),
(2503, 5, '-7.4551251', '112.7026368'),
(2504, 0, '-7.455245680175722', '112.70265170373023'),
(2505, 5, '-7.455221791751683', '112.70263963378966'),
(2506, 5, '-7.455262946896255', '112.70266788080335'),
(2507, 5, '-7.455269107595086', '112.70267047919333'),
(2508, 5, '-7.4551172', '112.7026424'),
(2509, 0, '-7.4553132802248', '112.70266888663173'),
(2510, 5, '-7.4553132802248', '112.70266888663173'),
(2511, 5, '-7.4553132802248', '112.70266888663173'),
(2512, 5, '-7.455296558327973', '112.70259789191186'),
(2513, 0, '-7.455250625498593', '112.70264332182705'),
(2514, 5, '-7.455250625498593', '112.70264332182705'),
(2515, 5, '-7.455250625498593', '112.70264332182705'),
(2516, 5, '-7.455258881673217', '112.70263007842004'),
(2517, 5, '-7.455138', '112.7026312'),
(2518, 0, '-7.455299408175051', '112.7026463393122'),
(2519, 5, '-7.455299408175051', '112.7026463393122'),
(2520, 5, '-7.455299408175051', '112.7026463393122'),
(2521, 5, '-7.455302970483899', '112.70264491438866'),
(2522, 5, '-7.455232981592417', '112.70256411284208'),
(2523, 5, '-7.455232981592417', '112.70256411284208'),
(2524, 0, '-7.455232981592417', '112.70256411284208'),
(2525, 5, '-7.455232981592417', '112.70256411284208'),
(2526, 5, '-7.455286751501262', '112.70255472511053'),
(2527, 5, '-7.455286751501262', '112.70255472511053'),
(2528, 5, '-7.455286751501262', '112.70255472511053'),
(2529, 0, '-7.455286751501262', '112.70255472511053'),
(2530, 0, '-7.455295929685235', '112.70259998738766'),
(2531, 5, '-7.455295929685235', '112.70259998738766'),
(2532, 5, '-7.455295929685235', '112.70259998738766'),
(2533, 5, '-7.455295929685235', '112.70259998738766'),
(2534, 5, '-7.4552713287994266', '112.70263963378966'),
(2535, 0, '-7.4552713287994266', '112.70263963378966'),
(2536, 5, '-7.4552713287994266', '112.70263963378966'),
(2537, 5, '-7.4552713287994266', '112.70263963378966'),
(2538, 5, '-7.4551291', '112.7026423'),
(2539, 5, '-7.455151341855526', '112.70256201736629'),
(2540, 5, '-7.45518549811095', '112.702616751194'),
(2541, 5, '-7.455203686840832', '112.70267106592655'),
(2542, 5, '-7.455247859470546', '112.70266042090952'),
(2543, 5, '-7.455265042372048', '112.70265094935894'),
(2544, 5, '-7.45525318197906', '112.70266771316528'),
(2545, 5, '-7.4551374', '112.7026391'),
(2546, 5, '-7.4551374', '112.7026391'),
(2547, 5, '-7.455246057361364', '112.70269495435059'),
(2548, 5, '-7.4554321356117725', '112.70260560326278'),
(2549, 5, '-7.4554321356117725', '112.70260560326278'),
(2550, 5, '-7.4554321356117725', '112.70260560326278'),
(2551, 5, '-7.455269694328308', '112.70259805954993'),
(2552, 5, '-7.455269694328308', '112.70259805954993'),
(2553, 5, '-7.455269694328308', '112.70259805954993'),
(2554, 5, '-7.455307790078223', '112.70263460464776'),
(2555, 5, '-7.455307790078223', '112.70263460464776'),
(2556, 5, '-7.455307790078223', '112.70263460464776'),
(2557, 5, '-7.455276567488909', '112.70266746170819'),
(2558, 5, '-7.455276567488909', '112.70266746170819'),
(2559, 5, '-7.455276567488909', '112.70266746170819'),
(2560, 5, '-7.455247063189745', '112.70262957550585'),
(2561, 5, '-7.455247063189745', '112.70262957550585'),
(2562, 5, '-7.455247063189745', '112.70262957550585'),
(2563, 5, '-7.4831245', '112.7392962'),
(2564, 5, '-7.4830125', '112.73910058'),
(2565, 5, '-7.48302368', '112.73912741'),
(2566, 5, '-7.4831251', '112.7392963'),
(2567, 0, '-7.4511976', '112.7007401'),
(2568, 0, '-7.4511851', '112.7007346'),
(2569, 5, '-7.4512022', '112.7007407'),
(2570, 5, '-7.451201', '112.7007404'),
(2571, 5, '-7.4511994', '112.7007403'),
(2572, 5, '-7.4511994', '112.7007403'),
(2573, 5, '-7.4511943', '112.7007391'),
(2574, 5, '-7.451201', '112.7007404'),
(2575, 5, '-7.451405678875744', '112.70077935419977'),
(2576, 5, '-7.4510281', '112.700705'),
(2577, 5, '-7.4511738', '112.7007397'),
(2578, 5, '-7.451158161275089', '112.70053795538843'),
(2579, 5, '-7.4512368673458695', '112.70061263814569'),
(2580, 5, '-7.451198268681765', '112.70063837058842'),
(2581, 5, '-7.451198268681765', '112.70063837058842'),
(2582, 5, '-7.4511999', '112.7007419'),
(2583, 5, '-7.45120954234153', '112.70057768560946'),
(2584, 5, '-7.45120954234153', '112.70057768560946'),
(2585, 5, '-7.451152838766575', '112.70092184655368'),
(2586, 5, '-7.451152838766575', '112.70092184655368'),
(2587, 5, '-7.45110594201833', '112.70084741525352'),
(2588, 5, '-7.45110594201833', '112.70084741525352'),
(2589, 5, '-7.451168051920831', '112.70077700726688'),
(2590, 5, '-7.451168051920831', '112.70077700726688'),
(2591, 5, '-7.451188084669411', '112.70068463869393'),
(2592, 5, '-7.451188084669411', '112.70068463869393'),
(2593, 5, '-7.451241812668741', '112.70067675970495'),
(2594, 5, '-7.4510689', '112.700715'),
(2595, 5, '-7.4510689', '112.700715'),
(2596, 5, '-7.451241812668741', '112.70067675970495'),
(2597, 5, '-7.4511679', '112.7007374'),
(2598, 5, '-7.4511679', '112.7007374'),
(2599, 5, '-7.451242902316153', '112.70062554627657'),
(2600, 5, '-7.451242902316153', '112.70062554627657'),
(2601, 5, '-7.4509659', '112.7006956'),
(2602, 5, '-7.4509659', '112.7006956'),
(2603, 5, '-7.451230580918491', '112.70058053545654'),
(2604, 5, '-7.451230580918491', '112.70058053545654'),
(2605, 5, '-7.451188168488443', '112.70062847994268'),
(2606, 5, '-7.451188168488443', '112.70062847994268'),
(2607, 5, '-7.451145378872752', '112.70064692012966'),
(2608, 5, '-7.451145378872752', '112.70064692012966'),
(2609, 5, '-7.451173583976924', '112.70068966783583'),
(2610, 5, '-7.451173583976924', '112.70068966783583'),
(2611, 5, '-7.4511709', '112.7007385'),
(2612, 5, '-7.4511709', '112.7007385'),
(2613, 5, '-7.45112182572484', '112.70072084851563'),
(2614, 5, '-7.45112182572484', '112.70072084851563'),
(2615, 5, '-7.4511647410690784', '112.70073861815035'),
(2616, 5, '-7.4511647410690784', '112.70073861815035'),
(2617, 5, '-7.451160047203302', '112.70078497007489'),
(2618, 5, '-7.451160047203302', '112.70078497007489'),
(2619, 5, '-7.4511124', '112.7007163'),
(2620, 5, '-7.4511124', '112.7007163'),
(2621, 5, '-7.4511611787602305', '112.70072403363883'),
(2622, 5, '-7.4511611787602305', '112.70072403363883'),
(2623, 5, '-7.4511707', '112.7007386'),
(2624, 5, '-7.4511707', '112.7007386'),
(2625, 5, '-7.451180792413652', '112.70065697841346'),
(2626, 5, '-7.451147013343871', '112.70059486851096'),
(2627, 5, '-7.451147013343871', '112.70059486851096'),
(2628, 5, '-7.451180792413652', '112.70065697841346'),
(2629, 5, '-7.451170063577592', '112.70051121711731'),
(2630, 5, '-7.451170063577592', '112.70051121711731'),
(2631, 5, '-7.45116310659796', '112.70044608972967'),
(2632, 5, '-7.45116310659796', '112.70044608972967'),
(2633, 5, '-7.4510882', '112.7007184'),
(2634, 5, '-7.4510882', '112.7007184'),
(2635, 5, '-7.4512', '112.7007425'),
(2636, 5, '-7.451195335015655', '112.70048137754202'),
(2637, 5, '-7.451195335015655', '112.70048137754202'),
(2638, 5, '-7.451174', '112.7007428'),
(2639, 5, '-7.451174', '112.7007428'),
(2640, 5, '-7.451175176538527', '112.70052596926689'),
(2641, 5, '-7.451175176538527', '112.70052596926689'),
(2642, 5, '-7.45115602388978', '112.70056997425854'),
(2643, 5, '-7.45115602388978', '112.70056997425854'),
(2644, 5, '-7.451210170984268', '112.70053770393133'),
(2645, 5, '-7.451210170984268', '112.70053770393133'),
(2646, 5, '-7.451257654465735', '112.70051373168826'),
(2647, 5, '-7.451257654465735', '112.70051373168826'),
(2648, 5, '-7.45118341', '112.70075384'),
(2649, 5, '-7.4512', '112.7007425'),
(2650, 5, '-7.451205016113818', '112.70051850937307'),
(2651, 5, '-7.451205016113818', '112.70051850937307'),
(2652, 5, '-7.4510271', '112.7007041'),
(2653, 5, '-7.4510271', '112.7007041'),
(2654, 5, '-7.451203214004636', '112.70056519657373'),
(2655, 5, '-7.4500842', '112.7019909'),
(2656, 5, '-7.451203214004636', '112.70056519657373'),
(2657, 5, '-7.45117', '112.7007377'),
(2658, 5, '-7.45117', '112.7007377'),
(2659, 5, '-7.451257235370576', '112.70058891735971'),
(2660, 5, '-7.451257235370576', '112.70058891735971'),
(2661, 5, '-7.4510486', '112.7007105'),
(2662, 5, '-7.4510486', '112.7007105'),
(2663, 5, '-7.45121298', '112.70073601'),
(2664, 5, '-7.4500842', '112.7019909'),
(2665, 5, '-7.4500842', '112.7019909'),
(2666, 5, '-7.4512001', '112.7007417'),
(2667, 5, '-7.45123693', '112.7007886'),
(2668, 5, '-7.4509679', '112.7006989'),
(2669, 5, '-7.4509679', '112.7006989'),
(2670, 5, '-7.4509865418076515', '112.70043661817908'),
(2671, 5, '-7.4509865418076515', '112.70043661817908'),
(2672, 5, '-7.451140224002302', '112.7006739936769'),
(2673, 5, '-7.451140224002302', '112.7006739936769'),
(2674, 5, '-7.451240345835686', '112.70067634060979'),
(2675, 5, '-7.451240345835686', '112.70067634060979'),
(2676, 5, '-7.4511471', '112.7007158'),
(2677, 5, '-7.4511471', '112.7007158'),
(2678, 5, '-7.451246841810644', '112.7007226087153'),
(2679, 5, '-7.451246841810644', '112.7007226087153'),
(2680, 5, '-7.451377850957215', '112.70077088847756'),
(2681, 5, '-7.451377850957215', '112.70077088847756'),
(2682, 5, '-7.451466196216643', '112.70086602307856'),
(2683, 5, '-7.451466196216643', '112.70086602307856'),
(2684, 5, '-7.4514430202543736', '112.70081866532564'),
(2685, 5, '-7.4514430202543736', '112.70081866532564'),
(2686, 5, '-7.4511997', '112.7007427'),
(2687, 5, '-7.4511997', '112.7007427'),
(2688, 5, '-7.451533921994269', '112.70083794370294'),
(2689, 5, '-7.451533921994269', '112.70083794370294'),
(2690, 5, '-7.451668744906783', '112.70086979493499'),
(2691, 5, '-7.451668744906783', '112.70086979493499'),
(2692, 5, '-7.45173575822264', '112.70085303112864'),
(2693, 5, '-7.45173575822264', '112.70085303112864'),
(2694, 5, '-7.451658225618303', '112.70083366893232'),
(2695, 5, '-7.451658225618303', '112.70083366893232'),
(2696, 5, '-7.45169669855386', '112.70089041441679'),
(2697, 5, '-7.45169669855386', '112.70089041441679'),
(2698, 5, '-7.451757886447012', '112.70090055651963'),
(2699, 5, '-7.451757886447012', '112.70090055651963'),
(2700, 5, '-7.451844974420965', '112.70094389095902'),
(2701, 5, '-7.451844974420965', '112.70094389095902'),
(2702, 5, '-7.451928039081395', '112.70097498781979'),
(2703, 5, '-7.451928039081395', '112.70097498781979'),
(2704, 5, '-7.451983485370874', '112.70098010078073'),
(2705, 5, '-7.451983485370874', '112.70098010078073'),
(2706, 5, '-7.451913538388908', '112.70093106664717'),
(2707, 5, '-7.451913538388908', '112.70093106664717'),
(2708, 5, '-7.451813668012619', '112.70092092454433'),
(2709, 5, '-7.451813668012619', '112.70092092454433'),
(2710, 5, '-7.451718868687749', '112.7008174918592'),
(2711, 5, '-7.451718868687749', '112.7008174918592'),
(2712, 5, '-7.451666020788252', '112.7007601596415'),
(2713, 5, '-7.451666020788252', '112.7007601596415'),
(2714, 5, '-7.4512', '112.7007425'),
(2715, 5, '-7.451153509318829', '112.70050241611898'),
(2716, 5, '-7.451153509318829', '112.70050241611898'),
(2717, 5, '-7.4511356', '112.700714'),
(2718, 5, '-7.4511356', '112.700714'),
(2719, 5, '-7.4511989', '112.7007424'),
(2720, 5, '-7.451192275620997', '112.70047903060913'),
(2721, 5, '-7.451192275620997', '112.70047903060913'),
(2722, 5, '-7.4511471', '112.7007158'),
(2723, 5, '-7.45099373', '112.70034607'),
(2724, 5, '-7.45105418', '112.7005831'),
(2725, 5, '-7.45110758', '112.70075811'),
(2726, 5, '-7.45102975', '112.70078838'),
(2727, 5, '-7.4511471', '112.7007158'),
(2728, 5, '-7.45102829', '112.70079375'),
(2729, 5, '-7.4510263', '112.70079294'),
(2730, 5, '-7.4511993', '112.7007426'),
(2731, 5, '-7.45102638', '112.70079263'),
(2732, 5, '-7.45102632', '112.7007926'),
(2733, 5, '-7.4511991', '112.7007426'),
(2734, 5, '-7.4511989', '112.7007424'),
(2735, 5, '-7.4512001', '112.7007417'),
(2736, 0, '-7.4512004', '112.7007413'),
(2737, 0, '-7.4516469', '112.7012889'),
(2738, 0, '-7.4511989', '112.7007424'),
(2739, 0, '-7.4511387', '112.700718'),
(2740, 0, '-7.4511995', '112.7007421'),
(2741, 0, '-7.4511385', '112.7007189'),
(2742, 0, '-7.4511995', '112.7007421'),
(2743, 0, '-7.4511991', '112.7007426'),
(2744, 5, '-7.4511991', '112.7007426'),
(2745, 0, '-7.4511991', '112.7007426'),
(2746, 0, '-7.4470741', '112.700577'),
(2747, 0, '-7.4470741', '112.700577'),
(2748, 0, '-7.4470741', '112.700577'),
(2749, 5, '-7.4470741', '112.700577'),
(2750, 0, '-7.4511989', '112.7007425'),
(2751, 0, '-7.4511989', '112.7007425'),
(2752, 5, '-7.4511989', '112.7007425'),
(2753, 0, '-7.4511989', '112.7007425'),
(2754, 0, '-7.4511989', '112.7007424'),
(2755, 0, '-7.4516469', '112.7012889'),
(2756, 5, '-7.4511993', '112.7007426'),
(2757, 0, '-7.4511993', '112.7007426'),
(2758, 0, '-7.45068374555558', '112.70085730589926'),
(2759, 5, '-7.45068374555558', '112.70085730589926'),
(2760, 0, '-7.450715429149568', '112.70051809027791'),
(2761, 5, '-7.450715429149568', '112.70051809027791'),
(2762, 0, '-7.449426879175007', '112.70028624683619'),
(2763, 5, '-7.449426879175007', '112.70028624683619'),
(2764, 0, '-7.450817185454071', '112.70029311999679'),
(2765, 5, '-7.450817185454071', '112.70029311999679'),
(2766, 0, '-7.450178526341915', '112.70078203640878'),
(2767, 5, '-7.450178526341915', '112.70078203640878'),
(2768, 0, '-7.4511991', '112.7007426'),
(2769, 0, '-7.4503563065081835', '112.70094824954867'),
(2770, 0, '-7.451265281997621', '112.70094003528357'),
(2771, 0, '-7.452184818685055', '112.70093081519008'),
(2772, 0, '-7.453000000678003', '112.7008864749223'),
(2773, 5, '-7.4511945', '112.7007459'),
(2774, 5, '-7.458505863323808', '112.70065823569894'),
(2775, 0, '-7.458505863323808', '112.70065823569894'),
(2776, 5, '-7.461015237495303', '112.70074993371964'),
(2777, 0, '-7.461015237495303', '112.70074993371964'),
(2778, 5, '-7.463358733803034', '112.70070031285286'),
(2779, 0, '-7.463358733803034', '112.70070031285286'),
(2780, 0, '-7.4511995', '112.7007421'),
(2781, 5, '-7.4511992', '112.7007423'),
(2782, 5, '-7.451917100697756', '112.70066200755537'),
(2783, 0, '-7.451917100697756', '112.70066200755537'),
(2784, 0, '-7.454825872555375', '112.70099200308323'),
(2785, 5, '-7.454825872555375', '112.70099200308323'),
(2786, 0, '-7.455929140560329', '112.70106509327888'),
(2787, 5, '-7.455929140560329', '112.70106509327888'),
(2788, 0, '-7.456672238186002', '112.7009501773864'),
(2789, 5, '-7.456672238186002', '112.7009501773864'),
(2790, 0, '-7.457479289732873', '112.70089343190193'),
(2791, 5, '-7.457479289732873', '112.70089343190193'),
(2792, 5, '-7.458489225246012', '112.7007897477597'),
(2793, 0, '-7.458489225246012', '112.7007897477597'),
(2794, 0, '-7.459330726414919', '112.70087440498173'),
(2795, 5, '-7.459330726414919', '112.70087440498173'),
(2796, 0, '-7.459918004460633', '112.70095470361412'),
(2797, 5, '-7.459918004460633', '112.70095470361412'),
(2798, 0, '-7.460358724929392', '112.7009847946465'),
(2799, 5, '-7.460358724929392', '112.7009847946465'),
(2800, 0, '-7.460666508413851', '112.70097054541111'),
(2801, 5, '-7.460666508413851', '112.70097054541111'),
(2802, 5, '-7.460835739038885', '112.70091128535569'),
(2803, 0, '-7.460835739038885', '112.70091128535569'),
(2804, 5, '-7.451976193115115', '112.7007796894759'),
(2805, 0, '-7.451976193115115', '112.7007796894759'),
(2806, 0, '-7.4518786277621984', '112.70079771056771'),
(2807, 5, '-7.4518786277621984', '112.70079771056771'),
(2808, 0, '-7.451747325249016', '112.70079645328224'),
(2809, 5, '-7.451747325249016', '112.70079645328224'),
(2810, 0, '-7.451640455983579', '112.7007672842592'),
(2811, 5, '-7.451640455983579', '112.7007672842592'),
(2812, 5, '-7.451680060476065', '112.70074523985386'),
(2813, 0, '-7.451680060476065', '112.70074523985386'),
(2814, 0, '-7.451648628339171', '112.70082009024918'),
(2815, 5, '-7.451648628339171', '112.70082009024918'),
(2816, 0, '-7.4516898253932595', '112.70080072805285'),
(2817, 5, '-7.4516898253932595', '112.70080072805285'),
(2818, 0, '-7.451741122640669', '112.70081078633666'),
(2819, 5, '-7.451741122640669', '112.70081078633666'),
(2820, 5, '-7.4516863049939275', '112.7008314896375'),
(2821, 0, '-7.4516863049939275', '112.7008314896375'),
(2822, 5, '-7.451638570055366', '112.70084783434868'),
(2823, 0, '-7.451638570055366', '112.70084783434868'),
(2824, 5, '-7.451599175110459', '112.700877757743'),
(2825, 0, '-7.451599175110459', '112.700877757743'),
(2826, 0, '-7.451520846225321', '112.70094447769225'),
(2827, 5, '-7.451520846225321', '112.70094447769225'),
(2828, 5, '-7.451479355804622', '112.7009105309844'),
(2829, 0, '-7.451479355804622', '112.7009105309844'),
(2830, 5, '-7.451353082433343', '112.70092519931495'),
(2831, 0, '-7.451353082433343', '112.70092519931495'),
(2832, 0, '-7.4514471692964435', '112.7008206769824'),
(2833, 5, '-7.4514471692964435', '112.7008206769824'),
(2834, 5, '-7.4514244962483644', '112.70086225122213'),
(2835, 0, '-7.4514244962483644', '112.70086225122213'),
(2836, 0, '-7.451441427692771', '112.7008158992976'),
(2837, 5, '-7.451441427692771', '112.7008158992976'),
(2838, 0, '-7.451384263113141', '112.70076678134501'),
(2839, 5, '-7.451384263113141', '112.70076678134501'),
(2840, 0, '-7.451380952261388', '112.70071598701179'),
(2841, 5, '-7.451380952261388', '112.70071598701179'),
(2842, 0, '-7.451340048573911', '112.70069151185453'),
(2843, 5, '-7.451340048573911', '112.70069151185453'),
(2844, 0, '-7.4513626378029585', '112.70063702948391'),
(2845, 5, '-7.4513626378029585', '112.70063702948391'),
(2846, 0, '-7.451412007212639', '112.70064583048224'),
(2847, 5, '-7.451412007212639', '112.70064583048224'),
(2848, 5, '-7.451431746594608', '112.7005994785577'),
(2849, 0, '-7.451431746594608', '112.7005994785577'),
(2850, 0, '-7.451489162631333', '112.70055731758475'),
(2851, 5, '-7.451489162631333', '112.70055731758475'),
(2852, 5, '-7.451532036066055', '112.7005032543093'),
(2853, 0, '-7.451532036066055', '112.7005032543093'),
(2854, 0, '-7.451552068814635', '112.70045883022249'),
(2855, 5, '-7.451552068814635', '112.70045883022249'),
(2856, 0, '-7.451471476815641', '112.70051021128893'),
(2857, 5, '-7.451471476815641', '112.70051021128893'),
(2858, 0, '-7.45138174854219', '112.70057709887624'),
(2859, 5, '-7.45138174854219', '112.70057709887624'),
(2860, 0, '-7.451361254788935', '112.7006219420582'),
(2861, 5, '-7.451361254788935', '112.7006219420582'),
(2862, 0, '-7.451323829591274', '112.700663683936'),
(2863, 5, '-7.451323829591274', '112.700663683936'),
(2864, 0, '-7.451302288100123', '112.70072881132364'),
(2865, 5, '-7.451302288100123', '112.70072881132364'),
(2866, 5, '-7.45126327034086', '112.7006985526532'),
(2867, 0, '-7.45126327034086', '112.7006985526532'),
(2868, 0, '-7.451253882609308', '112.70065044052899'),
(2869, 5, '-7.451253882609308', '112.70065044052899'),
(2870, 5, '-7.4516469', '112.7012889'),
(2871, 0, '-7.4516469', '112.7012889'),
(2872, 0, '-7.4511997', '112.7007427'),
(2873, 5, '-7.4511997', '112.7007427'),
(2874, 0, '-7.4511803', '112.7007409'),
(2875, 0, '-7.4511997', '112.7007427'),
(2876, 0, '-7.4511997', '112.7007427'),
(2877, 0, '-7.4511997', '112.7007427'),
(2878, 0, '-7.45149121619761', '112.70076351240277'),
(2879, 0, '-7.45149121619761', '112.70076351240277'),
(2880, 0, '-7.45149121619761', '112.70076351240277'),
(2881, 0, '-7.45149121619761', '112.70076351240277'),
(2882, 0, '-7.451474326662719', '112.70070777274668'),
(2883, 0, '-7.451474326662719', '112.70070777274668'),
(2884, 0, '-7.451474326662719', '112.70070777274668'),
(2885, 0, '-7.451474326662719', '112.70070777274668'),
(2886, 0, '-7.4511981', '112.7007421'),
(2887, 5, '-7.4988386', '112.693315'),
(2888, 5, '-7.49892654363066', '112.69312801770866'),
(2889, 5, '-7.4986806605011225', '112.69329607486725'),
(2890, 5, '-7.498924657702446', '112.69330118782818'),
(2891, 5, '-7.4988226080313325', '112.69327805377543'),
(2892, 5, '-7.498708', '112.6929801'),
(2893, 5, '-7.498775376006961', '112.6932568475604'),
(2894, 5, '-7.498739333823323', '112.69322399049997'),
(2895, 5, '-7.4988762', '112.6933323'),
(2896, 5, '-7.4987851', '112.6932827'),
(2897, 5, '-7.498769508674741', '112.69318618811667'),
(2898, 5, '-7.498798132874072', '112.69314679317176'),
(2899, 5, '-7.4987852', '112.6929768'),
(2900, 5, '-7.4987923', '112.6931899'),
(2901, 5, '-7.4987546', '112.6930888'),
(2902, 5, '-7.498789834789932', '112.69301125779748'),
(2903, 5, '-7.498726383782923', '112.69305786117911'),
(2904, 5, '-7.4987211', '112.6931236'),
(2905, 5, '-7.4987295269966125', '112.69310429692268'),
(2906, 5, '-7.4986713', '112.6930315'),
(2907, 5, '-7.4988108', '112.6931295'),
(2908, 0, '-7.4511751', '112.7007411'),
(2909, 5, '-7.4511715', '112.7007426'),
(2910, 5, '-7.4511829', '112.7007397'),
(2911, 0, '-7.4404333', '112.7138265'),
(2912, 0, '-7.440466666666667', '112.71384666666667'),
(2913, 0, '-7.4404821', '112.7137549'),
(2914, 5, '-7.440451666666666', '112.71381166666667'),
(2915, 0, '-7.440439999999999', '112.71380666666667'),
(2916, 0, '-7.4403735', '112.7139476'),
(2917, 5, '-7.440433333333334', '112.71377'),
(2918, 0, '-7.4404099', '112.7138906'),
(2919, 5, '-7.4404099', '112.7138906'),
(2920, 5, '-7.4517221', '112.7008736'),
(2921, 5, '-7.4511978', '112.7007208'),
(2922, 5, '-7.4512304', '112.7009932'),
(2923, 0, '-7.4934661', '112.7368151'),
(2924, 0, '-7.4934661', '112.7368151'),
(2925, 0, '-7.49348994', '112.73659755'),
(2926, 0, '-7.4934664', '112.7368149'),
(2927, 0, '-7.49349006', '112.73660097'),
(2928, 5, '-7.4511894', '112.7007277'),
(2929, 5, '-7.4511924', '112.7007287'),
(2930, 0, '-7.4511892', '112.7007292'),
(2931, 0, '-7.4511803', '112.7007176'),
(2932, 0, '-7.4511857', '112.7007211'),
(2933, 0, '-7.4511907', '112.7007271'),
(2934, 0, '-7.451193', '112.7007298'),
(2935, 0, '-7.5036966', '112.700589'),
(2936, 0, '-7.503805356100202', '112.70056930370629'),
(2937, 0, '-7.503682980313897', '112.70056620240211'),
(2938, 5, '-7.503712233155966', '112.70056134089828'),
(2939, 0, '-7.503748233430088', '112.7005788590759'),
(2940, 5, '-7.503772750496864', '112.70057341083884'),
(2941, 5, '-7.4843406', '112.4424518'),
(2942, 5, '-7.48358696', '112.44199828'),
(2943, 0, '-7.4919791', '112.6772876'),
(2944, 0, '-7.491984567604959', '112.6773040741682'),
(2945, 0, '-7.491984567604959', '112.6773040741682'),
(2946, 0, '-7.491984567604959', '112.6773040741682'),
(2947, 0, '-7.491984567604959', '112.6773040741682'),
(2948, 0, '-7.491984567604959', '112.6773040741682'),
(2949, 5, '-7.491984441876411', '112.67731010913849'),
(2950, 5, '-7.4919789', '112.6772876'),
(2951, 5, '-7.4919796', '112.6772877'),
(2952, 5, '-7.491983938962221', '112.67730851657689'),
(2953, 5, '-7.492016418837011', '112.6772752404213'),
(2954, 0, '-7.491979664191604', '112.67724397592247'),
(2955, 0, '-7.491979664191604', '112.67724397592247'),
(2956, 0, '-7.491979664191604', '112.67724397592247'),
(2957, 0, '-7.491979664191604', '112.67724397592247'),
(2958, 0, '-7.491979664191604', '112.67724397592247'),
(2959, 0, '-7.491990351118147', '112.67730348743498'),
(2960, 0, '-7.491990351118147', '112.67730348743498'),
(2961, 0, '-7.491990351118147', '112.67730348743498'),
(2962, 0, '-7.491990351118147', '112.67730348743498'),
(2963, 0, '-7.491990351118147', '112.67730348743498'),
(2964, 5, '-7.491960888728499', '112.67730876803398'),
(2965, 5, '-7.4919805', '112.677288'),
(2966, 0, '-7.491893917322159', '112.67727850936353'),
(2967, 5, '-7.491893917322159', '112.67727850936353'),
(2968, 0, '-7.491893917322159', '112.67727850936353'),
(2969, 5, '-7.491893917322159', '112.67727850936353'),
(2970, 5, '-7.491893917322159', '112.67727850936353'),
(2971, 0, '-7.491893917322159', '112.67727850936353'),
(2972, 0, '-7.491893917322159', '112.67727850936353'),
(2973, 0, '-7.491893917322159', '112.67727850936353'),
(2974, 0, '-7.49197191093117', '112.67728404141963'),
(2975, 0, '-7.49197191093117', '112.67728404141963'),
(2976, 5, '-7.49197191093117', '112.67728404141963'),
(2977, 0, '-7.49197191093117', '112.67728404141963'),
(2978, 0, '-7.49197191093117', '112.67728404141963'),
(2979, 0, '-7.49197191093117', '112.67728404141963'),
(2980, 5, '-7.49197191093117', '112.67728404141963'),
(2981, 5, '-7.49197191093117', '112.67728404141963'),
(2982, 0, '-7.49192254152149', '112.67727876082063'),
(2983, 0, '-7.49192254152149', '112.67727876082063'),
(2984, 0, '-7.49192254152149', '112.67727876082063'),
(2985, 0, '-7.49192254152149', '112.67727876082063'),
(2986, 0, '-7.49192254152149', '112.67727876082063'),
(2987, 5, '-7.49192254152149', '112.67727876082063'),
(2988, 5, '-7.49192254152149', '112.67727876082063'),
(2989, 5, '-7.49192254152149', '112.67727876082063'),
(2990, 0, '-7.491944502107799', '112.67732628621161'),
(2991, 0, '-7.491944502107799', '112.67732628621161'),
(2992, 0, '-7.491944502107799', '112.67732628621161'),
(2993, 0, '-7.491944502107799', '112.67732628621161'),
(2994, 0, '-7.491944502107799', '112.67732628621161'),
(2995, 5, '-7.491944502107799', '112.67732628621161'),
(2996, 5, '-7.491944502107799', '112.67732628621161'),
(2997, 5, '-7.491944502107799', '112.67732628621161'),
(2998, 0, '-7.491979370824993', '112.67729552462697'),
(2999, 0, '-7.491979370824993', '112.67729552462697'),
(3000, 0, '-7.491979370824993', '112.67729552462697'),
(3001, 0, '-7.491979370824993', '112.67729552462697'),
(3002, 0, '-7.491979370824993', '112.67729552462697'),
(3003, 5, '-7.491979370824993', '112.67729552462697'),
(3004, 5, '-7.491979370824993', '112.67729552462697'),
(3005, 5, '-7.491979370824993', '112.67729552462697'),
(3006, 0, '-7.4919222900643945', '112.67735394649208'),
(3007, 0, '-7.4919222900643945', '112.67735394649208'),
(3008, 0, '-7.4919222900643945', '112.67735394649208'),
(3009, 0, '-7.4919222900643945', '112.67735394649208'),
(3010, 0, '-7.4919222900643945', '112.67735394649208'),
(3011, 5, '-7.4919222900643945', '112.67735394649208'),
(3012, 5, '-7.4919222900643945', '112.67735394649208'),
(3013, 5, '-7.4919222900643945', '112.67735394649208'),
(3014, 0, '-7.491958918981254', '112.67731756903231'),
(3015, 0, '-7.491958918981254', '112.67731756903231'),
(3016, 0, '-7.491958918981254', '112.67731756903231'),
(3017, 0, '-7.491958918981254', '112.67731756903231'),
(3018, 0, '-7.491958918981254', '112.67731756903231'),
(3019, 5, '-7.491958918981254', '112.67731756903231'),
(3020, 5, '-7.491958918981254', '112.67731756903231'),
(3021, 5, '-7.491958918981254', '112.67731756903231'),
(3022, 0, '-7.491794633679092', '112.67734891735017'),
(3023, 5, '-7.491794633679092', '112.67734891735017'),
(3024, 0, '-7.491794633679092', '112.67734891735017'),
(3025, 0, '-7.491794633679092', '112.67734891735017'),
(3026, 0, '-7.491794633679092', '112.67734891735017'),
(3027, 5, '-7.491794633679092', '112.67734891735017'),
(3028, 0, '-7.491794633679092', '112.67734891735017'),
(3029, 5, '-7.4919805', '112.677288'),
(3030, 5, '-7.491794633679092', '112.67734891735017'),
(3031, 5, '-7.491794633679092', '112.67734891735017'),
(3032, 0, '-7.491964870132506', '112.6773407869041'),
(3033, 0, '-7.491964870132506', '112.6773407869041'),
(3034, 0, '-7.491964870132506', '112.6773407869041'),
(3035, 0, '-7.491964870132506', '112.6773407869041'),
(3036, 0, '-7.491964870132506', '112.6773407869041'),
(3037, 5, '-7.491964870132506', '112.6773407869041'),
(3038, 5, '-7.491964870132506', '112.6773407869041'),
(3039, 5, '-7.491964870132506', '112.6773407869041'),
(3040, 5, '-7.491964870132506', '112.6773407869041'),
(3041, 5, '-7.4919789', '112.6772876'),
(3042, 0, '-7.49188591260463', '112.67716174945235'),
(3043, 0, '-7.49188591260463', '112.67716174945235'),
(3044, 0, '-7.49188591260463', '112.67716174945235'),
(3045, 0, '-7.49188591260463', '112.67716174945235'),
(3046, 0, '-7.49188591260463', '112.67716174945235'),
(3047, 5, '-7.49188591260463', '112.67716174945235'),
(3048, 5, '-7.49188591260463', '112.67716174945235'),
(3049, 5, '-7.49188591260463', '112.67716174945235'),
(3050, 5, '-7.49188591260463', '112.67716174945235'),
(3051, 5, '-7.49188591260463', '112.67716174945235'),
(3052, 0, '-7.492018765769899', '112.67725059762597'),
(3053, 0, '-7.492018765769899', '112.67725059762597'),
(3054, 0, '-7.492018765769899', '112.67725059762597'),
(3055, 0, '-7.492018765769899', '112.67725059762597'),
(3056, 0, '-7.492018765769899', '112.67725059762597'),
(3057, 5, '-7.492018765769899', '112.67725059762597'),
(3058, 5, '-7.492018765769899', '112.67725059762597'),
(3059, 5, '-7.492018765769899', '112.67725059762597'),
(3060, 5, '-7.492018765769899', '112.67725059762597'),
(3061, 5, '-7.492018765769899', '112.67725059762597'),
(3062, 0, '-7.49197484459728', '112.67736970447004'),
(3063, 0, '-7.49197484459728', '112.67736970447004'),
(3064, 0, '-7.49197484459728', '112.67736970447004'),
(3065, 0, '-7.49197484459728', '112.67736970447004'),
(3066, 0, '-7.49197484459728', '112.67736970447004'),
(3067, 5, '-7.49197484459728', '112.67736970447004'),
(3068, 5, '-7.49197484459728', '112.67736970447004'),
(3069, 5, '-7.49197484459728', '112.67736970447004'),
(3070, 5, '-7.49197484459728', '112.67736970447004'),
(3071, 5, '-7.49197484459728', '112.67736970447004'),
(3072, 0, '-7.491948567330837', '112.67733265645802'),
(3073, 0, '-7.491948567330837', '112.67733265645802'),
(3074, 5, '-7.491948567330837', '112.67733265645802'),
(3075, 5, '-7.491948567330837', '112.67733265645802'),
(3076, 0, '-7.491948567330837', '112.67733265645802'),
(3077, 5, '-7.491948567330837', '112.67733265645802'),
(3078, 0, '-7.491948567330837', '112.67733265645802'),
(3079, 5, '-7.491948567330837', '112.67733265645802'),
(3080, 0, '-7.491948567330837', '112.67733265645802'),
(3081, 5, '-7.491948567330837', '112.67733265645802'),
(3082, 0, '-7.491992278955877', '112.6773040741682'),
(3083, 0, '-7.491992278955877', '112.6773040741682'),
(3084, 0, '-7.491992278955877', '112.6773040741682'),
(3085, 0, '-7.491992278955877', '112.6773040741682'),
(3086, 0, '-7.491992278955877', '112.6773040741682'),
(3087, 5, '-7.491992278955877', '112.6773040741682'),
(3088, 5, '-7.491992278955877', '112.6773040741682'),
(3089, 5, '-7.491992278955877', '112.6773040741682'),
(3090, 5, '-7.491992278955877', '112.6773040741682'),
(3091, 5, '-7.491992278955877', '112.6773040741682'),
(3092, 0, '-7.491947477683425', '112.67728487960994'),
(3093, 0, '-7.491947477683425', '112.67728487960994'),
(3094, 0, '-7.491947477683425', '112.67728487960994'),
(3095, 0, '-7.491947477683425', '112.67728487960994'),
(3096, 5, '-7.491947477683425', '112.67728487960994'),
(3097, 5, '-7.491947477683425', '112.67728487960994'),
(3098, 5, '-7.491947477683425', '112.67728487960994'),
(3099, 5, '-7.491947477683425', '112.67728487960994'),
(3100, 5, '-7.491947477683425', '112.67728487960994'),
(3101, 0, '-7.491947477683425', '112.67728487960994'),
(3102, 0, '-7.491974635049701', '112.67732620239258'),
(3103, 0, '-7.491974635049701', '112.67732620239258'),
(3104, 0, '-7.491974635049701', '112.67732620239258'),
(3105, 0, '-7.491974635049701', '112.67732620239258'),
(3106, 0, '-7.491974635049701', '112.67732620239258'),
(3107, 5, '-7.491974635049701', '112.67732620239258'),
(3108, 5, '-7.491974635049701', '112.67732620239258'),
(3109, 5, '-7.491974635049701', '112.67732620239258'),
(3110, 5, '-7.491974635049701', '112.67732620239258'),
(3111, 5, '-7.491974635049701', '112.67732620239258'),
(3112, 0, '-7.4920032592490315', '112.67728496342897'),
(3113, 5, '-7.4920032592490315', '112.67728496342897'),
(3114, 0, '-7.4920032592490315', '112.67728496342897'),
(3115, 0, '-7.4920032592490315', '112.67728496342897'),
(3116, 0, '-7.4920032592490315', '112.67728496342897'),
(3117, 0, '-7.4920032592490315', '112.67728496342897'),
(3118, 5, '-7.4920032592490315', '112.67728496342897'),
(3119, 5, '-7.4920032592490315', '112.67728496342897'),
(3120, 5, '-7.4920032592490315', '112.67728496342897'),
(3121, 5, '-7.4920032592490315', '112.67728496342897'),
(3122, 5, '-7.492035739123821', '112.67731656320393'),
(3123, 5, '-7.492035739123821', '112.67731656320393'),
(3124, 0, '-7.492035739123821', '112.67731656320393'),
(3125, 0, '-7.4952055', '112.6795129'),
(3126, 0, '-7.4952055', '112.6795129'),
(3127, 0, '-7.4952055', '112.6795129'),
(3128, 0, '-7.4952055', '112.6795129'),
(3129, 0, '-7.4952055', '112.6795129'),
(3130, 5, '-7.4952055', '112.6795129'),
(3131, 5, '-7.4952055', '112.6795129'),
(3132, 5, '-7.4952055', '112.6795129'),
(3133, 5, '-7.4952055', '112.6795129'),
(3134, 5, '-7.4952055', '112.6795129'),
(3135, 0, '-7.495434181764722', '112.67947414889932'),
(3136, 0, '-7.495434181764722', '112.67947414889932'),
(3137, 0, '-7.495434181764722', '112.67947414889932'),
(3138, 0, '-7.495434181764722', '112.67947414889932'),
(3139, 0, '-7.495434181764722', '112.67947414889932'),
(3140, 5, '-7.495434181764722', '112.67947414889932'),
(3141, 5, '-7.495434181764722', '112.67947414889932'),
(3142, 5, '-7.495434181764722', '112.67947414889932'),
(3143, 5, '-7.495434181764722', '112.67947414889932'),
(3144, 5, '-7.495434181764722', '112.67947414889932'),
(3145, 0, '-7.4953388795256615', '112.67945135012269'),
(3146, 0, '-7.4953388795256615', '112.67945135012269'),
(3147, 0, '-7.4953388795256615', '112.67945135012269'),
(3148, 0, '-7.4953388795256615', '112.67945135012269'),
(3149, 0, '-7.4953388795256615', '112.67945135012269'),
(3150, 5, '-7.4953388795256615', '112.67945135012269'),
(3151, 5, '-7.4953388795256615', '112.67945135012269'),
(3152, 5, '-7.4953388795256615', '112.67945135012269'),
(3153, 5, '-7.4953388795256615', '112.67945135012269'),
(3154, 5, '-7.4953388795256615', '112.67945135012269'),
(3155, 0, '-7.4953070702031255', '112.67936979420483'),
(3156, 0, '-7.4953070702031255', '112.67936979420483'),
(3157, 0, '-7.4953070702031255', '112.67936979420483'),
(3158, 0, '-7.4953070702031255', '112.67936979420483'),
(3159, 0, '-7.4953070702031255', '112.67936979420483'),
(3160, 5, '-7.4953070702031255', '112.67936979420483'),
(3161, 5, '-7.4953070702031255', '112.67936979420483'),
(3162, 5, '-7.4953070702031255', '112.67936979420483'),
(3163, 5, '-7.4953070702031255', '112.67936979420483'),
(3164, 5, '-7.4953070702031255', '112.67936979420483'),
(3165, 5, '-7.4953070702031255', '112.67936979420483'),
(3166, 5, '-7.4952119', '112.6795154'),
(3167, 0, '-7.495131', '112.6795018'),
(3168, 0, '-7.495131', '112.6795018'),
(3169, 5, '-7.495131', '112.6795018'),
(3170, 0, '-7.495131', '112.6795018'),
(3171, 0, '-7.495131', '112.6795018'),
(3172, 0, '-7.495131', '112.6795018'),
(3173, 5, '-7.495131', '112.6795018'),
(3174, 5, '-7.495131', '112.6795018'),
(3175, 5, '-7.495131', '112.6795018'),
(3176, 5, '-7.495131', '112.6795018'),
(3177, 5, '-7.495131', '112.6795018'),
(3178, 0, '-7.4924501', '112.6800992'),
(3179, 0, '-7.4924501', '112.6800992'),
(3180, 0, '-7.4924501', '112.6800992'),
(3181, 0, '-7.4924501', '112.6800992'),
(3182, 0, '-7.4924501', '112.6800992'),
(3183, 5, '-7.4924501', '112.6800992'),
(3184, 5, '-7.4924501', '112.6800992'),
(3185, 5, '-7.4924501', '112.6800992'),
(3186, 5, '-7.4924501', '112.6800992'),
(3187, 5, '-7.4924501', '112.6800992'),
(3188, 5, '-7.4924501', '112.6800992'),
(3189, 0, '-7.4927059561014175', '112.68001629039645'),
(3190, 0, '-7.4927059561014175', '112.68001629039645');
INSERT INTO `gps` (`IDGPS`, `ID_PENGGUNA`, `LATITUDE`, `LONGTITUDE`) VALUES
(3191, 0, '-7.4927059561014175', '112.68001629039645'),
(3192, 0, '-7.4927059561014175', '112.68001629039645'),
(3193, 5, '-7.4927059561014175', '112.68001629039645'),
(3194, 0, '-7.4927059561014175', '112.68001629039645'),
(3195, 5, '-7.4927059561014175', '112.68001629039645'),
(3196, 5, '-7.4927059561014175', '112.68001629039645'),
(3197, 5, '-7.4927059561014175', '112.68001629039645'),
(3198, 5, '-7.4927059561014175', '112.68001629039645'),
(3199, 5, '-7.4927059561014175', '112.68001629039645'),
(3200, 0, '-7.4926481', '112.6792216'),
(3201, 0, '-7.4926481', '112.6792216'),
(3202, 0, '-7.4926481', '112.6792216'),
(3203, 0, '-7.4926481', '112.6792216'),
(3204, 0, '-7.4926481', '112.6792216'),
(3205, 5, '-7.4926481', '112.6792216'),
(3206, 5, '-7.4926481', '112.6792216'),
(3207, 5, '-7.4926481', '112.6792216'),
(3208, 5, '-7.4926481', '112.6792216'),
(3209, 5, '-7.4926481', '112.6792216'),
(3210, 5, '-7.4926481', '112.6792216'),
(3211, 0, '-7.492013820447028', '112.6773852109909'),
(3212, 0, '-7.492013820447028', '112.6773852109909'),
(3213, 0, '-7.492013820447028', '112.6773852109909'),
(3214, 0, '-7.492013820447028', '112.6773852109909'),
(3215, 0, '-7.492013820447028', '112.6773852109909'),
(3216, 5, '-7.492013820447028', '112.6773852109909'),
(3217, 5, '-7.492013820447028', '112.6773852109909'),
(3218, 5, '-7.492013820447028', '112.6773852109909'),
(3219, 5, '-7.492013820447028', '112.6773852109909'),
(3220, 5, '-7.492013820447028', '112.6773852109909'),
(3221, 5, '-7.492013820447028', '112.6773852109909'),
(3222, 0, '-7.491958918981254', '112.6773109473288'),
(3223, 0, '-7.491958918981254', '112.6773109473288'),
(3224, 0, '-7.491958918981254', '112.6773109473288'),
(3225, 0, '-7.491958918981254', '112.6773109473288'),
(3226, 5, '-7.491958918981254', '112.6773109473288'),
(3227, 0, '-7.491958918981254', '112.6773109473288'),
(3228, 5, '-7.491958918981254', '112.6773109473288'),
(3229, 5, '-7.491958918981254', '112.6773109473288'),
(3230, 5, '-7.491958918981254', '112.6773109473288'),
(3231, 5, '-7.491958918981254', '112.6773109473288'),
(3232, 5, '-7.491958918981254', '112.6773109473288'),
(3233, 0, '-7.4836541', '112.4316189'),
(3234, 5, '-7.48363', '112.43159833333333'),
(3235, 0, '-7.48363', '112.43159833333333'),
(3236, 5, '-7.4836100000000005', '112.43155666666668'),
(3237, 0, '-7.4836100000000005', '112.43155666666668'),
(3238, 0, '-7.4511902', '112.7007299'),
(3239, 5, '-7.4514066', '112.7008736'),
(3240, 5, '-7.4511903', '112.70073'),
(3241, 5, '-7.4511906', '112.7007299'),
(3242, 5, '-7.4511906', '112.7007299'),
(3243, 5, '-7.4511906', '112.7007301'),
(3244, 5, '-7.45118242688477', '112.7006771788001'),
(3245, 5, '-7.45118242688477', '112.7006771788001'),
(3246, 5, '-7.451131548732519', '112.70068950019777'),
(3247, 5, '-7.451131548732519', '112.70068950019777'),
(3248, 5, '-7.4511765176430345', '112.7006792742759'),
(3249, 5, '-7.4511765176430345', '112.7006792742759'),
(3250, 5, '-7.4511924', '112.7007263'),
(3251, 5, '-7.451126226224005', '112.70061917603016'),
(3252, 5, '-7.451024679467082', '112.70067885518074'),
(3253, 5, '-7.45134876575321', '112.70091614685953'),
(3254, 5, '-7.451357818208635', '112.70086677744985'),
(3255, 5, '-7.451321063563228', '112.70083643496037'),
(3256, 5, '-7.4512754660099745', '112.70082486793399'),
(3257, 5, '-7.451219307258725', '112.70077491179109'),
(3258, 5, '-7.4511653278023005', '112.70077306777239'),
(3259, 5, '-7.4511170061305165', '112.70075387321413'),
(3260, 5, '-7.4511472', '112.7007151'),
(3261, 5, '-7.451314022764564', '112.70069176331162'),
(3262, 5, '-7.4511918', '112.7007289'),
(3263, 5, '-7.451310753822327', '112.70083039999008'),
(3264, 5, '-7.45127278380096', '112.70062915049493'),
(3265, 5, '-7.451140894554555', '112.70063334144652'),
(3266, 5, '-7.451108', '112.700713'),
(3267, 5, '-7.451094123534858', '112.70064976997674'),
(3268, 5, '-7.4510086281225085', '112.70061800256371'),
(3269, 5, '-7.451191', '112.7007298'),
(3270, 5, '-7.451052004471421', '112.70063334144652'),
(3271, 5, '-7.451126645319164', '112.70065387710929'),
(3272, 5, '-7.4510524', '112.7007064'),
(3273, 5, '-7.450748789124191', '112.70042857155204'),
(3274, 5, '-7.451191', '112.7007298'),
(3275, 5, '-7.4508528504520655', '112.70049520768225'),
(3276, 5, '-7.45089216157794', '112.70052948966622'),
(3277, 5, '-7.450926275923848', '112.70056997425854'),
(3278, 5, '-7.450966718606651', '112.70059025846422'),
(3279, 5, '-7.4510103883221745', '112.70057559013367'),
(3280, 5, '-7.451054267585278', '112.70059537142515'),
(3281, 5, '-7.451009759679437', '112.70057206973433'),
(3282, 5, '-7.450974890962243', '112.7006047591567'),
(3283, 5, '-7.4509214563295245', '112.70060601644218'),
(3284, 5, '-7.4511385', '112.7007166'),
(3285, 5, '-7.450877535156906', '112.70059461705387'),
(3286, 5, '-7.4508345779031515', '112.70057005807757'),
(3287, 5, '-7.4511913', '112.7007296'),
(3288, 5, '-7.450879546813667', '112.70058221183717'),
(3289, 5, '-7.450828542932868', '112.7005994785577'),
(3290, 5, '-7.4508325243368745', '112.70055388100445'),
(3291, 5, '-7.450880133546889', '112.70057693123817'),
(3292, 5, '-7.4509196961298585', '112.70061649382114'),
(3293, 5, '-7.450932813808322', '112.70057173445821'),
(3294, 5, '-7.450979249551892', '112.70057341083884'),
(3295, 5, '-7.451011310331523', '112.70061976276338'),
(3296, 5, '-7.451044921763241', '112.70065203309059'),
(3297, 5, '-7.451033648103476', '112.7006050106138'),
(3298, 5, '-7.451058081351221', '112.70055438391864'),
(3299, 5, '-7.4511472', '112.7007151'),
(3300, 5, '-7.451390256173909', '112.70047425292432'),
(3301, 5, '-7.4511903', '112.70073'),
(3302, 5, '-7.450672262348235', '112.70029865205288'),
(3303, 5, '-7.450721254572272', '112.70037752576172'),
(3304, 5, '-7.451002425514162', '112.70051993429661'),
(3305, 5, '-7.450945219025016', '112.70050065591931'),
(3306, 5, '-7.450990690849721', '112.70050375722349'),
(3307, 5, '-7.451154473237693', '112.70053141750395'),
(3308, 5, '-7.451317962259054', '112.70059931091964'),
(3309, 5, '-7.451274082995951', '112.70058690570295'),
(3310, 5, '-7.451224881224334', '112.70059235394001'),
(3311, 5, '-7.451169309206307', '112.70057609304786'),
(3312, 5, '-7.451098901219666', '112.70061096176505'),
(3313, 5, '-7.451086454093456', '112.70065982826054'),
(3314, 5, '-7.451005610637367', '112.70071506500244'),
(3315, 5, '-7.450964078307152', '112.70077197812498'),
(3316, 5, '-7.4511803', '112.7008217'),
(3317, 5, '-7.4509632820263505', '112.7007223572582'),
(3318, 5, '-7.451017554849386', '112.70069612190127'),
(3319, 5, '-7.450981428846717', '112.70066360011697'),
(3320, 5, '-7.4511907', '112.7007303'),
(3321, 5, '-7.450977363623679', '112.70060048438609'),
(3322, 5, '-7.4509947979822755', '112.70051339641213'),
(3323, 5, '-7.451025056652725', '112.70057114772499'),
(3324, 5, '-7.4510648706927896', '112.70061096176505'),
(3325, 5, '-7.4511906', '112.7007299'),
(3326, 5, '-7.450949954800308', '112.70063200034201'),
(3327, 5, '-7.451016968116164', '112.70065831951797'),
(3328, 5, '-7.451002257876098', '112.70072168670595'),
(3329, 5, '-7.451056153513491', '112.70070726983249'),
(3330, 5, '-7.45109936222434', '112.70073652267456'),
(3331, 5, '-7.4511458817869425', '112.70073828287423'),
(3332, 5, '-7.451122244819999', '112.70077885128558'),
(3333, 5, '-7.4511923', '112.7007292'),
(3334, 5, '-7.451015585102141', '112.70058422349393'),
(3335, 5, '-7.451015836559236', '112.70064616575837'),
(3336, 5, '-7.451202627271414', '112.70086811855435'),
(3337, 5, '-7.451634295284748', '112.70094565115869'),
(3338, 5, '-7.4515649769455194', '112.70068514160812'),
(3339, 5, '-7.451282129622996', '112.70073115825653'),
(3340, 5, '-7.451233807951212', '112.7007445693016'),
(3341, 5, '-7.451265617273748', '112.70078178495169'),
(3342, 5, '-7.451231335289776', '112.70075186155736'),
(3343, 5, '-7.451191479340196', '112.70072428509593'),
(3344, 5, '-7.451222115196288', '112.70068363286555'),
(3345, 5, '-7.4511718', '112.7007044'),
(3346, 5, '-7.4512150743976235', '112.70080768503249'),
(3347, 5, '-7.451170105487108', '112.70080064423382'),
(3348, 5, '-7.451164154335856', '112.70074473693967'),
(3349, 5, '-7.4511728', '112.7007097'),
(3350, 5, '-7.451354130171239', '112.70058631896973'),
(3351, 5, '-7.451261216774583', '112.70056930370629'),
(3352, 5, '-7.451150994747877', '112.70057659596205'),
(3353, 5, '-7.451139804907143', '112.7006288152188'),
(3354, 5, '-7.4511514557525516', '112.70070056430995'),
(3355, 5, '-7.451170524582267', '112.70075655542314'),
(3356, 5, '-7.4512198101729155', '112.70075865089893'),
(3357, 5, '-7.451262641698122', '112.70074389874935'),
(3358, 5, '-7.4512848956510425', '112.70070115104318'),
(3359, 5, '-7.4511729', '112.7007065'),
(3360, 5, '-7.451165663078427', '112.70073417574167'),
(3361, 5, '-7.451112563721836', '112.70069092512131'),
(3362, 5, '-7.451087334193289', '112.70065010525286'),
(3363, 5, '-7.451156401075423', '112.7006343472749'),
(3364, 5, '-7.451131967827678', '112.70059034228325'),
(3365, 5, '-7.4511482287198305', '112.70054482854903'),
(3366, 5, '-7.451194915920496', '112.70055916160345'),
(3367, 5, '-7.451155772432685', '112.70052370615304'),
(3368, 5, '-7.451101625338197', '112.70043670199811'),
(3369, 5, '-7.451097685843706', '112.7003507874906'),
(3370, 5, '-7.451069061644375', '112.70028063096106'),
(3371, 5, '-7.451092740520835', '112.70035900175571'),
(3372, 5, '-7.4511361587792635', '112.70046729594469'),
(3373, 5, '-7.451183767989278', '112.70049017854035'),
(3374, 5, '-7.451171362772584', '112.70044047385454'),
(3375, 5, '-7.451181127689779', '112.70049302838743'),
(3376, 5, '-7.4511713', '112.7007034'),
(3377, 5, '-7.451411713846028', '112.70057290792465'),
(3378, 5, '-7.451032935641706', '112.70043821074069'),
(3379, 5, '-7.4511913', '112.7007303'),
(3380, 5, '-7.4512462969869375', '112.7004493586719'),
(3381, 5, '-7.451185737736523', '112.70051934756339'),
(3382, 5, '-7.451144750230014', '112.70048858597875'),
(3383, 5, '-7.4511066544801', '112.70045572891831'),
(3384, 5, '-7.451098565943539', '112.70039772614837'),
(3385, 5, '-7.4510828498750925', '112.70034458488226'),
(3386, 5, '-7.4511731', '112.7007063'),
(3387, 5, '-7.451008460484445', '112.7005170006305'),
(3388, 5, '-7.451109336689115', '112.70083358511329'),
(3389, 5, '-7.451111054979265', '112.70077122375369'),
(3390, 5, '-7.45108590926975', '112.70073099061847'),
(3391, 5, '-7.4511708', '112.7007016'),
(3392, 5, '-7.451469087973237', '112.70069863647223'),
(3393, 5, '-7.451671636663377', '112.70097222179174'),
(3394, 5, '-7.451756838709116', '112.70100465975702'),
(3395, 5, '-7.4517275439575315', '112.7009673602879'),
(3396, 5, '-7.451688777655363', '112.70089116878808'),
(3397, 5, '-7.451606257818639', '112.70086367614567'),
(3398, 5, '-7.45153543073684', '112.70084070973098'),
(3399, 5, '-7.451380826532841', '112.70076317712665'),
(3400, 5, '-7.4513387912884355', '112.70078027620912'),
(3401, 5, '-7.4511727', '112.7007062'),
(3402, 5, '-7.450953684747219', '112.70072747021914'),
(3403, 5, '-7.451008083298802', '112.70073643885553'),
(3404, 5, '-7.451045718044043', '112.70068229176104'),
(3405, 5, '-7.4511906', '112.7007299'),
(3406, 5, '-7.45154544711113', '112.70090156234801'),
(3407, 5, '-7.451957040466368', '112.70107724703848'),
(3408, 5, '-7.45198352728039', '112.70101547241211'),
(3409, 5, '-7.4511719', '112.7007073'),
(3410, 5, '-7.451124046929181', '112.70075622014701'),
(3411, 5, '-7.451123166829348', '112.70080341026187'),
(3412, 5, '-7.451171656139195', '112.70079670473933'),
(3413, 5, '-7.451232885941863', '112.70081489346921'),
(3414, 5, '-7.451205644756556', '112.70076870918274'),
(3415, 5, '-7.451172745786607', '112.70072386600077'),
(3416, 5, '-7.451213481836021', '112.70075085572898'),
(3417, 5, '-7.451252373866737', '112.70072705112398'),
(3418, 5, '-7.45124030392617', '112.70067617297173'),
(3419, 5, '-7.451225048862398', '112.70073065534234'),
(3420, 5, '-7.45117727201432', '112.70089250989258'),
(3421, 0, '-7.4511919', '112.7007305'),
(3422, 5, '-7.45119', '112.7007304'),
(3423, 5, '-7.451311466284096', '112.70074012689292'),
(3424, 5, '-7.45129281654954', '112.70101471804082'),
(3425, 5, '-7.451260546222329', '112.70088228397071'),
(3426, 5, '-7.451294073835015', '112.70068505778909'),
(3427, 5, '-7.451319848187268', '112.70062847994268'),
(3428, 5, '-7.451302791014314', '112.70067147910595'),
(3429, 5, '-7.451271191239357', '112.7006325032562'),
(3430, 5, '-7.451232424937189', '112.70066569559276'),
(3431, 5, '-7.451236029155552', '112.70078991539776'),
(3432, 5, '-7.45129453483969', '112.70092327147722'),
(3433, 5, '-7.451287284493446', '112.70115058869123'),
(3434, 5, '-7.451279489323497', '112.70068656653166'),
(3435, 5, '-7.451314106583595', '112.70065689459443'),
(3436, 5, '-7.451361841522157', '112.70062236115336'),
(3437, 5, '-7.451363685540855', '112.700668964535'),
(3438, 5, '-7.451389543712139', '112.70071238279343'),
(3439, 5, '-7.4513443652540445', '112.70074465312064'),
(3440, 5, '-7.451325254514813', '112.70078639499843'),
(3441, 5, '-7.451293361373246', '112.70083400420845'),
(3442, 5, '-7.451264820992947', '112.70087214186788'),
(3443, 5, '-7.4511751', '112.7007097'),
(3444, 5, '-7.4512448301538825', '112.70083107054234'),
(3445, 5, '-7.451246380805969', '112.70078538917005'),
(3446, 0, '-7.4511713', '112.7007053'),
(3447, 5, '-7.4511729', '112.7007061'),
(3448, 0, '-7.45067263', '112.70081531'),
(3449, 5, '-7.45067263', '112.70081531'),
(3450, 5, '-7.45072701', '112.70080588'),
(3451, 0, '-7.45072701', '112.70080588'),
(3452, 0, '-7.4511706', '112.7007053'),
(3453, 10, '-7.4511675', '112.7007014'),
(3454, 0, '-7.45127423', '112.70091837'),
(3455, 10, '-7.45127423', '112.70091837'),
(3456, 0, '-7.45132845', '112.70086681'),
(3457, 10, '-7.45132845', '112.70086681'),
(3458, 0, '-7.45124221', '112.70079948'),
(3459, 10, '-7.45124221', '112.70079948'),
(3460, 0, '-7.45128615', '112.70084933'),
(3461, 10, '-7.45128615', '112.70084933'),
(3462, 0, '-7.4511717', '112.7007073'),
(3463, 5, '-7.4511919', '112.7007308'),
(3464, 5, '-7.45119', '112.7007294'),
(3465, 5, '-7.4511906', '112.7007298'),
(3466, 5, '-7.48377368', '112.4399032'),
(3467, 5, '-7.4923101', '112.43347512'),
(3468, 5, '-7.49238053', '112.43348723'),
(3469, 5, '-7.49239411', '112.43346458'),
(3470, 5, '-7.49239171', '112.43345686'),
(3471, 5, '-7.49239171', '112.43345686'),
(3472, 5, '-7.49256635', '112.43380618'),
(3473, 5, '-7.49258634', '112.4340059'),
(3474, 5, '-7.49254062', '112.43373231'),
(3475, 5, '-7.49253156', '112.43364525'),
(3476, 5, '-7.49255995', '112.4335787'),
(3477, 5, '-7.49250474', '112.43338552'),
(3478, 5, '-7.49254833', '112.4335482'),
(3479, 5, '-7.49255554', '112.43360622'),
(3480, 5, '-7.49253625', '112.43356253'),
(3481, 5, '-7.49253207', '112.43360836'),
(3482, 5, '-7.49255106', '112.43365873');

-- --------------------------------------------------------

--
-- Table structure for table `hak_akses`
--

CREATE TABLE `hak_akses` (
  `ID_HAK_AKSES` int(11) NOT NULL,
  `HAK_AKSES` varchar(100) DEFAULT NULL
) ENGINE=InnoDB DEFAULT CHARSET=latin1;

--
-- Dumping data for table `hak_akses`
--

INSERT INTO `hak_akses` (`ID_HAK_AKSES`, `HAK_AKSES`) VALUES
(1, 'Admin'),
(2, 'Supervisor'),
(3, 'Gudang'),
(4, 'Sales');

-- --------------------------------------------------------

--
-- Table structure for table `keys`
--

CREATE TABLE `keys` (
  `id` int(11) NOT NULL,
  `user_id` int(11) NOT NULL,
  `key` varchar(40) NOT NULL,
  `level` int(2) NOT NULL,
  `ignore_limits` tinyint(1) NOT NULL DEFAULT 0,
  `is_private_key` tinyint(1) NOT NULL DEFAULT 0,
  `ip_addresses` text DEFAULT NULL,
  `date_created` int(11) NOT NULL
) ENGINE=InnoDB DEFAULT CHARSET=latin1;

--
-- Dumping data for table `keys`
--

INSERT INTO `keys` (`id`, `user_id`, `key`, `level`, `ignore_limits`, `is_private_key`, `ip_addresses`, `date_created`) VALUES
(1, 1, 'masrizal', 1, 0, 0, NULL, 1);

-- --------------------------------------------------------

--
-- Table structure for table `limits`
--

CREATE TABLE `limits` (
  `id` int(11) NOT NULL,
  `uri` varchar(255) NOT NULL,
  `count` int(10) NOT NULL,
  `hour_started` int(11) NOT NULL,
  `api_key` varchar(40) NOT NULL
) ENGINE=InnoDB DEFAULT CHARSET=latin1;

-- --------------------------------------------------------

--
-- Table structure for table `menu_hak_akses`
--

CREATE TABLE `menu_hak_akses` (
  `ID_MENU_HAK_AKSES` int(11) NOT NULL,
  `ID_HAK_AKSES` int(11) DEFAULT NULL,
  `ID_MENU_PENGGUNA` int(11) DEFAULT NULL
) ENGINE=InnoDB DEFAULT CHARSET=latin1;

--
-- Dumping data for table `menu_hak_akses`
--

INSERT INTO `menu_hak_akses` (`ID_MENU_HAK_AKSES`, `ID_HAK_AKSES`, `ID_MENU_PENGGUNA`) VALUES
(1, 1, 1),
(2, 1, 2),
(3, 1, 3),
(4, 2, 11),
(5, 3, 9),
(6, 4, 10),
(9, 2, 2),
(19, 3, 5),
(20, 4, 4),
(21, 3, 2),
(22, 4, 2),
(23, 2, 6),
(24, 2, 7),
(25, 3, 7),
(26, 4, 7);

-- --------------------------------------------------------

--
-- Table structure for table `menu_pengguna`
--

CREATE TABLE `menu_pengguna` (
  `ID_MENU_PENGGUNA` int(11) NOT NULL,
  `MENU_PENGGUNA` varchar(100) DEFAULT NULL
) ENGINE=InnoDB DEFAULT CHARSET=latin1;

--
-- Dumping data for table `menu_pengguna`
--

INSERT INTO `menu_pengguna` (`ID_MENU_PENGGUNA`, `MENU_PENGGUNA`) VALUES
(1, 'Admin'),
(2, 'User'),
(3, 'Menu'),
(4, 'Sales'),
(5, 'Gudang'),
(6, 'Supervisor'),
(7, 'Laporan'),
(8, 'Halaman Utama'),
(9, 'Halaman Utama'),
(10, 'Halaman Utama'),
(11, 'Halaman Utama');

-- --------------------------------------------------------

--
-- Table structure for table `pelanggan`
--

CREATE TABLE `pelanggan` (
  `ID_PELANGGAN` int(11) NOT NULL,
  `ID_PENGGUNA` int(11) DEFAULT NULL,
  `NAMA_PELANGGAN` varchar(50) DEFAULT NULL,
  `EMAIL_PELANGGAN` varchar(50) DEFAULT NULL,
  `NO_HP_PELANGGAN` varchar(13) DEFAULT NULL,
  `ALAMAT_PELANGGAN` varchar(200) DEFAULT NULL
) ENGINE=InnoDB DEFAULT CHARSET=latin1;

--
-- Dumping data for table `pelanggan`
--

INSERT INTO `pelanggan` (`ID_PELANGGAN`, `ID_PENGGUNA`, `NAMA_PELANGGAN`, `EMAIL_PELANGGAN`, `NO_HP_PELANGGAN`, `ALAMAT_PELANGGAN`) VALUES
(2, 5, 'Prasakul', 'prasaku@gmail.com', '0812442844822', 'Jalan Sapi Gede No.201'),
(3, 7, 'Dimas', 'dimas@gmail.com', '081133334546', 'Jalan Perak Timur'),
(4, 5, 'Hendro', 'hendero@gmail.com', '082288222233', 'jombang jawa timur'),
(5, 7, 'Reza', 'rezauhuii@gmail.com', '082333828000', 'bekasi, jakarta'),
(6, 5, 'irwan', 'irwan123@gmail.com', '082444555122', 'sidoarjo'),
(7, 5, 'iman', 'khaeruliman@gmail.com', '0855345321654', 'sidoarjo'),
(8, 5, 'masrizal', 'masrizal04@gmail.com', '089695615256', 'Kendal Pecabean RT 03 RW 01'),
(9, 5, 'aris', 'aris@gmail.com', '0896555122', 'kendal'),
(12, 9, 'Tes', 'pijardwi.pd@gmail.com', '089620127873', 'qwerty'),
(13, 5, 'masru', 'masrizalsn@gmail.com', '0885124516', 'kendalcabe'),
(15, 5, 'Zaidanudin', 'zaidan@gmail.com', '0891231456123', 'Mojokerto'),
(17, 5, 'zilong', 'zilong@gmail.com', '08112311123', 'Kendari'),
(18, 5, 'didin', 'gera@gmail.com', '08774441231', 'kendal'),
(19, 5, 'dodot', 'dodot@gmail.com', '082123145611', 'Candi'),
(20, 10, 'Pijar', 'pijardwi.pd@gmail.com', '081244284482', 'Jayanegara'),
(22, 5, 'wakti', 'wak@gmail.com', '0891241441', 'kendal'),
(25, 5, 'win', 'win@gmail.com', '085242222111', 'surabaya');

-- --------------------------------------------------------

--
-- Table structure for table `pengembalian`
--

CREATE TABLE `pengembalian` (
  `ID_PENGEMBALIAN` int(11) NOT NULL,
  `ID_PENJUALAN` int(11) DEFAULT NULL,
  `TGL_PENGEMBALIAN` date DEFAULT NULL,
  `JUMLAH_PENGEMBALIAN` int(11) DEFAULT NULL,
  `KETERANGAN_PENGEMBALIAN` varchar(500) NOT NULL
) ENGINE=InnoDB DEFAULT CHARSET=latin1;

--
-- Dumping data for table `pengembalian`
--

INSERT INTO `pengembalian` (`ID_PENGEMBALIAN`, `ID_PENJUALAN`, `TGL_PENGEMBALIAN`, `JUMLAH_PENGEMBALIAN`, `KETERANGAN_PENGEMBALIAN`) VALUES
(6, 8, '2020-10-16', 2, 'Barang Cacat'),
(7, 10, '2020-10-23', 1, 'Barang Cacat'),
(8, 11, '2020-10-24', 1, 'Tidak ada'),
(9, 8, '2020-10-15', 1, 'rusak'),
(10, 14, '2020-10-27', 90, '10 barangr usak'),
(11, 14, '2020-10-27', 90, '10 barangr usak, 80 kadaluarsa'),
(12, 15, '2020-10-27', 200, 'barang tidak laku'),
(13, 15, '2020-10-27', 50, 'barang tidak laku'),
(14, 14, '2020-10-27', 10, '10 barangr usak'),
(15, 8, '2021-01-25', 2, 'Cacat bro'),
(16, 8, '2021-01-26', 1, 'cacat'),
(17, 8, '2021-02-01', 2, 'Mboh lapo'),
(18, 28, '2021-02-28', 1, 'Suwek');

-- --------------------------------------------------------

--
-- Table structure for table `pengguna`
--

CREATE TABLE `pengguna` (
  `ID_PENGGUNA` int(11) NOT NULL,
  `ID_HAK_AKSES` int(11) DEFAULT NULL,
  `NAMA_PENGGUNA` varchar(50) DEFAULT NULL,
  `EMAIL_PENGGUNA` varchar(100) DEFAULT NULL,
  `FOTO_PENGGUNA` varchar(100) DEFAULT NULL,
  `PASSWORD_PENGGUNA` varchar(500) DEFAULT NULL,
  `STATUS_AKTIF_PENGGUNA` int(11) DEFAULT NULL,
  `TGL_DAFTAR_PENGGUNA` date DEFAULT NULL
) ENGINE=InnoDB DEFAULT CHARSET=latin1;

--
-- Dumping data for table `pengguna`
--

INSERT INTO `pengguna` (`ID_PENGGUNA`, `ID_HAK_AKSES`, `NAMA_PENGGUNA`, `EMAIL_PENGGUNA`, `FOTO_PENGGUNA`, `PASSWORD_PENGGUNA`, `STATUS_AKTIF_PENGGUNA`, `TGL_DAFTAR_PENGGUNA`) VALUES
(1, 1, 'Pijar Dwi Kusuma', 'pijardwi.pd@gmail.com', 'swift2.png', '$2y$10$ahwcT4su2Dn7T5kcZOpdbesqyDwQOx9/cw1hoMifPtPo8iry4a2hu', 1, '2020-10-05'),
(3, 2, 'mohammad zaidan salim', 'supervisor@gmail.com', 'zaid.jpg', '$2y$10$hE7CiKLW/X8cr66yvD5zuOPlXvsHgCyC9PlGngZj5cSE5S/e/fJNS', 1, '2020-10-05'),
(4, 3, 'Gudang MCT', 'gudang@gmail.com', '043552900_1572858828-71890045_694906974353654_3305990052531100815_n.jpg', '$2y$10$dT/Yf9OD3Lg1eI2AshUOhu0OmU6K2bJiwuRgbBIIsI5s5oJ4sUbZe', 1, '2020-10-05'),
(5, 4, 'Dewi', 'sales@gmail.com', '5.jpg', '$2y$10$ABk1LdRjt526vkB2kuquA.XhnhCIn25EWL1QTS3tH5ahqnM.JymAC', 1, '2020-10-05'),
(7, 4, 'assu', 'sales2@gmail.com', '7.jpg', '$2y$10$NevsXUioV59InL.j5xxVduewl7rSlNVRudB5Ccni1yxB6Mhfw8ajy', 1, '2020-10-23'),
(9, 4, 'yuliant', 'masrizal04@gmail.com', 'default.jpg', '$2y$10$ILmRxHx7o6mIEiai4NDVveyLKYZdEMLyG6P.rojPmYK8DyiaBvp3C', 1, '2020-12-16'),
(10, 4, 'Pijar Dwi Kusuma', 'pijardwikusuma@gmail.com', 'default.jpg', '$2y$10$UVGU9i0hSb/df1OhGHTuNuxzJwz6FYxDh/DVi4RcsYckJ3iNpbksW', 1, '2020-12-16');

-- --------------------------------------------------------

--
-- Table structure for table `penjualan`
--

CREATE TABLE `penjualan` (
  `ID_PENJUALAN` int(11) NOT NULL,
  `ID_DETAIL_SURAT_JALAN` int(11) DEFAULT NULL,
  `ID_PENGGUNA` int(11) NOT NULL,
  `ID_PELANGGAN` int(11) DEFAULT NULL,
  `TGL_PENJUALAN` date DEFAULT NULL,
  `JUMLAH_PENJUALAN` int(11) DEFAULT NULL,
  `STATUS_PEMBAYARAN_PENJUALAN` varchar(100) NOT NULL
) ENGINE=InnoDB DEFAULT CHARSET=latin1;

--
-- Dumping data for table `penjualan`
--

INSERT INTO `penjualan` (`ID_PENJUALAN`, `ID_DETAIL_SURAT_JALAN`, `ID_PENGGUNA`, `ID_PELANGGAN`, `TGL_PENJUALAN`, `JUMLAH_PENJUALAN`, `STATUS_PEMBAYARAN_PENJUALAN`) VALUES
(8, 15, 5, 2, '2020-10-16', 7, 'Transfer'),
(9, 19, 5, 2, '2020-10-23', 10, 'Tunai'),
(10, 20, 7, 3, '2020-10-23', 5, 'Tunai'),
(11, 22, 5, 2, '2020-10-24', 5, 'Tunai'),
(12, 15, 5, 2, '2020-10-31', 1, 'Tunai'),
(13, 15, 5, 2, '2020-10-31', 2, 'Transfer'),
(14, 24, 5, 4, '2020-10-27', 90, 'Tunai'),
(15, 25, 5, 2, '2020-10-27', 200, 'Transfer'),
(16, 23, 5, 4, '2020-10-27', 30, 'Transfer'),
(17, 35, 7, 5, '2020-10-28', 50, 'Tunai'),
(18, 34, 7, 5, '2020-10-28', 15, 'Tunai'),
(19, 20, 7, 3, '2020-10-28', 5, 'Transfer'),
(20, 34, 7, 3, '2020-10-28', 15, 'Transfer'),
(21, 35, 7, 3, '2020-10-28', 10, 'Transfer'),
(22, 21, 7, 3, '2020-10-28', 15, 'Tunai'),
(23, 38, 5, 2, '2020-11-27', 40, 'Transfer'),
(24, 16, 5, 23, '2021-01-21', 5, 'Transfer'),
(25, 38, 5, 23, '2021-01-21', 1, 'Transfer'),
(26, 38, 5, 23, '2021-01-27', 5, 'Transfer'),
(27, 16, 5, 15, '2021-01-28', 5, 'Tunai'),
(28, 38, 5, 17, '2021-02-27', 3, 'Transfer');

-- --------------------------------------------------------

--
-- Table structure for table `pesan_ulang`
--

CREATE TABLE `pesan_ulang` (
  `ID_PESAN_ULANG` int(11) NOT NULL,
  `ID_PENGGUNA` int(11) NOT NULL,
  `ID_PELANGGAN` int(11) NOT NULL,
  `TGL_PESAN_ULANG` date NOT NULL,
  `STATUS_PESAN_ULANG` varchar(1) NOT NULL,
  `STATUS_PEMBAYARAN_PESAN_ULANG` varchar(50) NOT NULL
) ENGINE=InnoDB DEFAULT CHARSET=latin1;

--
-- Dumping data for table `pesan_ulang`
--

INSERT INTO `pesan_ulang` (`ID_PESAN_ULANG`, `ID_PENGGUNA`, `ID_PELANGGAN`, `TGL_PESAN_ULANG`, `STATUS_PESAN_ULANG`, `STATUS_PEMBAYARAN_PESAN_ULANG`) VALUES
(4, 5, 2, '2020-10-23', '1', 'Tunai'),
(5, 5, 2, '2020-10-31', '2', 'Transfer'),
(6, 5, 2, '2020-10-24', '1', 'Tunai'),
(7, 5, 2, '2020-10-27', '1', 'Transfer'),
(8, 5, 4, '2020-10-27', '1', 'Transfer'),
(9, 5, 2, '2020-10-27', '1', 'Tunai'),
(10, 7, 3, '2020-10-28', '2', 'Tunai'),
(11, 5, 2, '2020-11-02', '1', 'Transfer'),
(12, 7, 3, '2020-11-02', '1', 'Transfer'),
(13, 5, 2, '2020-11-02', '1', 'Transfer'),
(14, 7, 3, '2020-11-02', '2', 'Transfer'),
(15, 5, 2, '2020-11-28', '1', 'Transfer'),
(16, 5, 23, '2021-01-15', '1', 'Transfer'),
(17, 5, 15, '2021-01-18', '0', 'Tunai'),
(18, 5, 17, '2021-01-18', '0', 'Transfer'),
(19, 5, 8, '2021-01-19', '0', 'Tunai'),
(20, 5, 9, '2021-01-27', '0', 'Tunai'),
(21, 5, 25, '2021-01-27', '0', 'Transfer'),
(22, 5, 17, '2021-01-30', '0', 'Tunai'),
(23, 5, 22, '2021-02-28', '0', 'Transfer');

-- --------------------------------------------------------

--
-- Table structure for table `satuan`
--

CREATE TABLE `satuan` (
  `ID_SATUAN` int(11) NOT NULL,
  `NAMA_SATUAN` varchar(50) DEFAULT NULL
) ENGINE=InnoDB DEFAULT CHARSET=latin1;

--
-- Dumping data for table `satuan`
--

INSERT INTO `satuan` (`ID_SATUAN`, `NAMA_SATUAN`) VALUES
(1, 'Kg'),
(5, 'pcs'),
(6, 'Dus');

-- --------------------------------------------------------

--
-- Table structure for table `sub_menu_pengguna`
--

CREATE TABLE `sub_menu_pengguna` (
  `ID_SUB_MENU_PENGGUNA` int(11) NOT NULL,
  `ID_MENU_PENGGUNA` int(11) DEFAULT NULL,
  `JUDUL_SUB_MENU_PENGGUNA` varchar(100) DEFAULT NULL,
  `URL_SUB_MENU_PENGGUNA` varchar(100) DEFAULT NULL,
  `GAMBAR_SUB_MENU_PENGGUNA` varchar(100) DEFAULT NULL,
  `STATUS_AKTIF_SUB_MENU_PENGGUNA` int(11) DEFAULT NULL
) ENGINE=InnoDB DEFAULT CHARSET=latin1;

--
-- Dumping data for table `sub_menu_pengguna`
--

INSERT INTO `sub_menu_pengguna` (`ID_SUB_MENU_PENGGUNA`, `ID_MENU_PENGGUNA`, `JUDUL_SUB_MENU_PENGGUNA`, `URL_SUB_MENU_PENGGUNA`, `GAMBAR_SUB_MENU_PENGGUNA`, `STATUS_AKTIF_SUB_MENU_PENGGUNA`) VALUES
(1, 1, 'Dashboard', 'admin', 'fas fa-fw fa-tachometer-alt', 0),
(2, 2, 'Profil Saya', 'user', 'fas fa-fw fa-user', 1),
(3, 2, 'Ubah Profil', 'user/edit', 'fas fa-fw fa-user-edit', 1),
(4, 3, 'Manajemen Menu', 'menu', 'fas fa-fw fa-folder', 1),
(5, 3, 'Manajemen Sub Menu', 'menu/submenu', 'fas fa-fw fa-folder-open', 1),
(6, 1, 'Hak Akses', 'admin/role', 'fas fa-fw fa-user-tie', 1),
(7, 2, 'Ganti Password', 'user/changepassword', 'fas fa-fw fa-key', 1),
(11, 1, 'Kelola Pengguna', 'admin/kelolaUser', 'fas fa-fw fa-users-cog', 1),
(12, 5, 'Daftar Supplier', 'gudang/supplier', 'fas fa-fw fa-folder', 1),
(13, 5, 'Daftar Barang', 'gudang/barang', 'fas fa-fw fa-folder', 1),
(14, 5, 'Daftar Satuan', 'gudang/satuan', 'fas fa-fw fa-folder', 1),
(15, 4, 'Daftar Pelanggan', 'sales/pelanggan', 'fas fa-fw fa-folder', 1),
(17, 4, 'Daftar Surat Jalan', 'sales/surat_jalan', 'fas fa-fw fa-folder', 1),
(18, 6, 'Verifikasi Surat Jalan', 'supervisor/verif_surat_jalan', 'fas fa-fw fa-folder', 1),
(19, 4, 'Pesan Ulang', 'sales/pesan_ulang', 'fas fa-fw fa-folder', 1),
(20, 6, 'Verif Pesan Ulang', 'supervisor/verif_pesan_ulang', 'fas fa-fw fa-folder', 1),
(21, 7, 'Laporan Penjualan', 'laporan/penjualan', 'fas fa-fw fa-folder', 1),
(22, 7, 'Laporan Pengembalian', 'laporan/pengembalian', 'fas fa-fw fa-folder', 1),
(23, 7, 'Laporan Pesan Ulang', 'laporan/pesanulang', 'fas fa-fw fa-folder', 1),
(27, 10, 'Dasbor', 'sales/dasbor', 'fas fa-fw fa-tachometer-alt', 1),
(28, 9, 'Dasbor', 'gudang/dasbor', 'fas fa-fw fa-tachometer-alt', 1),
(29, 11, 'Dasbor', 'supervisor/dasbor', 'fas fa-fw fa-tachometer-alt', 1),
(30, 6, 'Lacak Sales', 'supervisor/getgps', 'fas fa-map', 1);

-- --------------------------------------------------------

--
-- Table structure for table `supplier`
--

CREATE TABLE `supplier` (
  `ID_SUPPLIER` int(11) NOT NULL,
  `ID_PENGGUNA` int(11) DEFAULT NULL,
  `NAMA_SUPPLIER` varchar(50) DEFAULT NULL,
  `EMAIL_SUPPLIER` varchar(50) DEFAULT NULL,
  `NO_HP_SUPPLIER` varchar(13) DEFAULT NULL,
  `ALAMAT_SUPPLIER` varchar(200) DEFAULT NULL
) ENGINE=InnoDB DEFAULT CHARSET=latin1;

--
-- Dumping data for table `supplier`
--

INSERT INTO `supplier` (`ID_SUPPLIER`, `ID_PENGGUNA`, `NAMA_SUPPLIER`, `EMAIL_SUPPLIER`, `NO_HP_SUPPLIER`, `ALAMAT_SUPPLIER`) VALUES
(1, 4, 'PT. Maju Bersama', 'majubersama@gmail.com', '089123111121', 'Kendal Pecabean RT02'),
(4, 4, 'PT. Keluarga Sejahtera', 'keluargasejatra@gmail.com', '08223333444', 'wonogiri');

-- --------------------------------------------------------

--
-- Table structure for table `surat_jalan`
--

CREATE TABLE `surat_jalan` (
  `ID_SURAT_JALAN` int(11) NOT NULL,
  `ID_PENGGUNA` int(11) DEFAULT NULL,
  `NO_SURAT_JALAN` varchar(50) NOT NULL,
  `STATUS_SURAT_JALAN` int(1) NOT NULL DEFAULT 0,
  `TGL_SURAT_JALAN` date DEFAULT NULL
) ENGINE=InnoDB DEFAULT CHARSET=latin1;

--
-- Dumping data for table `surat_jalan`
--

INSERT INTO `surat_jalan` (`ID_SURAT_JALAN`, `ID_PENGGUNA`, `NO_SURAT_JALAN`, `STATUS_SURAT_JALAN`, `TGL_SURAT_JALAN`) VALUES
(9, 5, 'SRJ-000001', 1, '2020-10-16'),
(10, 5, 'SRJ-000002', 2, '2020-10-16'),
(11, 5, 'SRJ-000003', 1, '2020-10-23'),
(12, 7, 'SRJ-000004', 1, '2020-10-23'),
(13, 5, 'SRJ-000005', 1, '2020-10-24'),
(14, 5, 'SRJ-000006', 1, '2020-10-27'),
(15, 7, 'SRJ-000007', 1, '2020-10-28'),
(16, 5, 'SRJ-000008', 2, '2020-11-03'),
(17, 5, 'SRJ-000009', 2, '2020-11-10'),
(18, 5, 'SRJ-000010', 1, '2020-11-27'),
(19, 5, 'SRJ-000011', 0, '2021-01-21'),
(20, 5, 'SRJ-000012', 0, '2021-01-21'),
(21, 5, 'SRJ-000013', 0, '2021-02-01'),
(22, 5, 'SRJ-000014', 0, '2021-02-01'),
(23, 5, 'SRJ-000015', 1, '2021-02-27');

--
-- Indexes for dumped tables
--

--
-- Indexes for table `barang`
--
ALTER TABLE `barang`
  ADD PRIMARY KEY (`ID_BARANG`),
  ADD KEY `FK_BARANG_SUPPLIER` (`ID_SUPPLIER`),
  ADD KEY `FK_PENGGUNA_BARANG` (`ID_PENGGUNA`),
  ADD KEY `FK_SATUAN_BARANG` (`ID_SATUAN`);

--
-- Indexes for table `detail_pesan_ulang`
--
ALTER TABLE `detail_pesan_ulang`
  ADD PRIMARY KEY (`ID_DETAIL_PESAN_ULANG`),
  ADD KEY `ID_PESAN_ULANG` (`ID_PESAN_ULANG`),
  ADD KEY `ID_BARANG` (`ID_BARANG`);

--
-- Indexes for table `detail_surat_jalan`
--
ALTER TABLE `detail_surat_jalan`
  ADD PRIMARY KEY (`ID_DETAIL_SURAT_JALAN`),
  ADD KEY `ID_SURAT_JALAN` (`ID_SURAT_JALAN`),
  ADD KEY `ID_BARANG` (`ID_BARANG`);

--
-- Indexes for table `gps`
--
ALTER TABLE `gps`
  ADD PRIMARY KEY (`IDGPS`),
  ADD KEY `ID_PENGGUNA` (`ID_PENGGUNA`);

--
-- Indexes for table `hak_akses`
--
ALTER TABLE `hak_akses`
  ADD PRIMARY KEY (`ID_HAK_AKSES`);

--
-- Indexes for table `keys`
--
ALTER TABLE `keys`
  ADD PRIMARY KEY (`id`);

--
-- Indexes for table `limits`
--
ALTER TABLE `limits`
  ADD PRIMARY KEY (`id`);

--
-- Indexes for table `menu_hak_akses`
--
ALTER TABLE `menu_hak_akses`
  ADD PRIMARY KEY (`ID_MENU_HAK_AKSES`),
  ADD KEY `FK_HAK_MENU` (`ID_HAK_AKSES`),
  ADD KEY `FK_MENU_HAK` (`ID_MENU_PENGGUNA`);

--
-- Indexes for table `menu_pengguna`
--
ALTER TABLE `menu_pengguna`
  ADD PRIMARY KEY (`ID_MENU_PENGGUNA`);

--
-- Indexes for table `pelanggan`
--
ALTER TABLE `pelanggan`
  ADD PRIMARY KEY (`ID_PELANGGAN`),
  ADD KEY `FK_PENGGUNA_PELANGGAN` (`ID_PENGGUNA`);

--
-- Indexes for table `pengembalian`
--
ALTER TABLE `pengembalian`
  ADD PRIMARY KEY (`ID_PENGEMBALIAN`),
  ADD KEY `FK_PENGEMBALIAN_SURAT_JALAN` (`ID_PENJUALAN`);

--
-- Indexes for table `pengguna`
--
ALTER TABLE `pengguna`
  ADD PRIMARY KEY (`ID_PENGGUNA`),
  ADD KEY `FK_HAK_AKSES_PENGGUNA` (`ID_HAK_AKSES`);

--
-- Indexes for table `penjualan`
--
ALTER TABLE `penjualan`
  ADD PRIMARY KEY (`ID_PENJUALAN`),
  ADD KEY `FK_PENJUALAN_PELANGGAN` (`ID_PELANGGAN`),
  ADD KEY `FK_PENJUALAN_SURAT_JALAN` (`ID_DETAIL_SURAT_JALAN`),
  ADD KEY `ID_PENGGUNA` (`ID_PENGGUNA`);

--
-- Indexes for table `pesan_ulang`
--
ALTER TABLE `pesan_ulang`
  ADD PRIMARY KEY (`ID_PESAN_ULANG`),
  ADD KEY `ID_PENGGUNA` (`ID_PENGGUNA`),
  ADD KEY `ID_PELANGGAN` (`ID_PELANGGAN`);

--
-- Indexes for table `satuan`
--
ALTER TABLE `satuan`
  ADD PRIMARY KEY (`ID_SATUAN`);

--
-- Indexes for table `sub_menu_pengguna`
--
ALTER TABLE `sub_menu_pengguna`
  ADD PRIMARY KEY (`ID_SUB_MENU_PENGGUNA`),
  ADD KEY `FK_MENU_SUB` (`ID_MENU_PENGGUNA`);

--
-- Indexes for table `supplier`
--
ALTER TABLE `supplier`
  ADD PRIMARY KEY (`ID_SUPPLIER`),
  ADD KEY `FK_PENGGUNA_SUPPLIER` (`ID_PENGGUNA`);

--
-- Indexes for table `surat_jalan`
--
ALTER TABLE `surat_jalan`
  ADD PRIMARY KEY (`ID_SURAT_JALAN`),
  ADD KEY `FK_SURAT_JALAN_PENGGUNA` (`ID_PENGGUNA`);

--
-- AUTO_INCREMENT for dumped tables
--

--
-- AUTO_INCREMENT for table `barang`
--
ALTER TABLE `barang`
  MODIFY `ID_BARANG` int(11) NOT NULL AUTO_INCREMENT, AUTO_INCREMENT=6;

--
-- AUTO_INCREMENT for table `detail_pesan_ulang`
--
ALTER TABLE `detail_pesan_ulang`
  MODIFY `ID_DETAIL_PESAN_ULANG` int(11) NOT NULL AUTO_INCREMENT, AUTO_INCREMENT=29;

--
-- AUTO_INCREMENT for table `detail_surat_jalan`
--
ALTER TABLE `detail_surat_jalan`
  MODIFY `ID_DETAIL_SURAT_JALAN` int(11) NOT NULL AUTO_INCREMENT, AUTO_INCREMENT=45;

--
-- AUTO_INCREMENT for table `gps`
--
ALTER TABLE `gps`
  MODIFY `IDGPS` int(11) NOT NULL AUTO_INCREMENT, AUTO_INCREMENT=3483;

--
-- AUTO_INCREMENT for table `hak_akses`
--
ALTER TABLE `hak_akses`
  MODIFY `ID_HAK_AKSES` int(11) NOT NULL AUTO_INCREMENT, AUTO_INCREMENT=5;

--
-- AUTO_INCREMENT for table `keys`
--
ALTER TABLE `keys`
  MODIFY `id` int(11) NOT NULL AUTO_INCREMENT, AUTO_INCREMENT=2;

--
-- AUTO_INCREMENT for table `limits`
--
ALTER TABLE `limits`
  MODIFY `id` int(11) NOT NULL AUTO_INCREMENT;

--
-- AUTO_INCREMENT for table `menu_hak_akses`
--
ALTER TABLE `menu_hak_akses`
  MODIFY `ID_MENU_HAK_AKSES` int(11) NOT NULL AUTO_INCREMENT, AUTO_INCREMENT=27;

--
-- AUTO_INCREMENT for table `menu_pengguna`
--
ALTER TABLE `menu_pengguna`
  MODIFY `ID_MENU_PENGGUNA` int(11) NOT NULL AUTO_INCREMENT, AUTO_INCREMENT=12;

--
-- AUTO_INCREMENT for table `pelanggan`
--
ALTER TABLE `pelanggan`
  MODIFY `ID_PELANGGAN` int(11) NOT NULL AUTO_INCREMENT, AUTO_INCREMENT=26;

--
-- AUTO_INCREMENT for table `pengembalian`
--
ALTER TABLE `pengembalian`
  MODIFY `ID_PENGEMBALIAN` int(11) NOT NULL AUTO_INCREMENT, AUTO_INCREMENT=19;

--
-- AUTO_INCREMENT for table `pengguna`
--
ALTER TABLE `pengguna`
  MODIFY `ID_PENGGUNA` int(11) NOT NULL AUTO_INCREMENT, AUTO_INCREMENT=11;

--
-- AUTO_INCREMENT for table `penjualan`
--
ALTER TABLE `penjualan`
  MODIFY `ID_PENJUALAN` int(11) NOT NULL AUTO_INCREMENT, AUTO_INCREMENT=29;

--
-- AUTO_INCREMENT for table `pesan_ulang`
--
ALTER TABLE `pesan_ulang`
  MODIFY `ID_PESAN_ULANG` int(11) NOT NULL AUTO_INCREMENT, AUTO_INCREMENT=24;

--
-- AUTO_INCREMENT for table `satuan`
--
ALTER TABLE `satuan`
  MODIFY `ID_SATUAN` int(11) NOT NULL AUTO_INCREMENT, AUTO_INCREMENT=7;

--
-- AUTO_INCREMENT for table `sub_menu_pengguna`
--
ALTER TABLE `sub_menu_pengguna`
  MODIFY `ID_SUB_MENU_PENGGUNA` int(11) NOT NULL AUTO_INCREMENT, AUTO_INCREMENT=31;

--
-- AUTO_INCREMENT for table `supplier`
--
ALTER TABLE `supplier`
  MODIFY `ID_SUPPLIER` int(11) NOT NULL AUTO_INCREMENT, AUTO_INCREMENT=5;

--
-- AUTO_INCREMENT for table `surat_jalan`
--
ALTER TABLE `surat_jalan`
  MODIFY `ID_SURAT_JALAN` int(11) NOT NULL AUTO_INCREMENT, AUTO_INCREMENT=24;
COMMIT;

/*!40101 SET CHARACTER_SET_CLIENT=@OLD_CHARACTER_SET_CLIENT */;
/*!40101 SET CHARACTER_SET_RESULTS=@OLD_CHARACTER_SET_RESULTS */;
/*!40101 SET COLLATION_CONNECTION=@OLD_COLLATION_CONNECTION */;
